"Channel_Name","Rank","Subscribers","video.views","video.count","Category","start.year","Country","Population","Unemployment_rate"
"#Refugio Mental",623,"1,41,00,000","3,41,00,01,605","688","Entertainment",2013,"nan",NA,NA
"#Refúgio Mental",747,"1,27,00,000","2,58,20,93,496","758","Entertainment",2013,NA,NA,NA
"★ Kids Roma Show",334,"1,91,00,000","6,41,08,53,410","589","People & Blogs",2015,NA,NA,NA
"✿ Kids Diana Show",8,"9,97,00,000","79,60,22,88,245","1,009","People & Blogs",2015,NA,NA,NA
"123 GO!",880,"1,17,00,000","4,35,66,36,895","377","People & Blogs",2019,NA,NA,NA
"123 GO! Spanish",693,"1,32,00,000","4,63,91,73,668","340","People & Blogs",2019,"Mexico",126014024,3.42
"1MILLION Dance Studio",187,"2,55,00,000","7,40,94,42,051","4,251","Entertainment",2015,"Saudi Arabia",34268528,5.93
"1theK (원더케이)",211,"2,42,00,000","22,60,52,83,252","16,928","Music",2011,NA,NA,NA
"5-Minute Crafts",14,"7,71,00,000","23,88,14,57,195","5,581","Howto & Style",2016,"United Kingdom",66834405,3.85
"5-Minute Crafts DIY",274,"2,09,00,000","4,93,45,52,904","3,961","Howto & Style",2018,"United States",328239523,14.7
"5-Minute Crafts FAMILY",529,"1,50,00,000","5,43,81,31,771","3,440","People & Blogs",2018,"United States",328239523,14.7
"5-Minute Crafts PLAY",306,"1,99,00,000","5,61,68,81,420","4,440","Howto & Style",2017,"United States",328239523,14.7
"5-Minute Crafts Recycle",665,"1,35,00,000","7,50,88,43,409","2,770","People & Blogs",2019,"United States",328239523,14.7
"50 Cent",660,"1,36,00,000","8,64,91,39,354","417","Music",2007,"United States",328239523,14.7
"7 Minutoz",757,"1,26,00,000","3,91,69,31,694","511","Music",2012,"Brazil",212559417,12.08
"7clouds",438,"1,66,00,000","11,63,79,64,945","1,940","Music",2013,"United States",328239523,14.7
"A_S Gaming",367,"1,82,00,000","2,47,64,64,261","932","Gaming",2016,NA,NA,NA
"A2 Motivation by {Arvind Arora}",631,"1,39,00,000","8,01,30,16,996","2,340","Entertainment",2017,NA,NA,NA
"A4",60,"4,12,00,000","16,71,72,34,472","645","Gaming",2014,"Cuba",11333483,1.64
"Aadishakti Films",666,"1,35,00,000","5,86,07,77,243","4,599","Music",2016,"India",1366417754,5.36
"Aaj Tak",33,"5,29,00,000","20,20,49,39,173","1,96,497","News & Politics",2009,"India",1366417754,5.36
"Aayu and Pihu Show",484,"1,58,00,000","7,83,73,11,552","352","Comedy",2017,"India",1366417754,5.36
"ABC News",673,"1,34,00,000","11,58,97,84,991","71,206","News & Politics",2006,"United States",328239523,14.7
"AboFlah",176,"2,63,00,000","3,58,92,76,436","553","Gaming",2016,"Kuwait",4207083,2.18
"ABP NEWS",101,"3,32,00,000","10,42,14,62,788","2,24,455","People & Blogs",2012,"India",1366417754,5.36
"ABPLIVE",228,"2,32,00,000","6,80,55,51,423","1,46,479","People & Blogs",2017,"nan",NA,NA
"ABS-CBN Entertainment",62,"4,06,00,000","47,54,42,42,811","1,79,522","People & Blogs",2008,"Philippines",108116615,2.15
"ABS-CBN News",617,"1,41,00,000","9,43,89,04,191","1,74,684","News & Politics",2009,"Philippines",108116615,2.15
"Acenix",975,"1,11,00,000","1,60,60,57,806","259","Gaming",2014,"Spain",47076781,13.96
"ADEL et SAMI",652,"1,37,00,000","5,66,02,89,473","362","Entertainment",2018,"United States",328239523,14.7
"Adele",144,"2,87,00,000","12,65,03,00,730","14","Music",2008,"United Kingdom",66834405,3.85
"AdeleVEVO",512,"1,52,00,000","11,47,03,55,227","51","Music",2009,"United Kingdom",66834405,3.85
"Adexe & Nau",787,"1,24,00,000","4,44,02,71,314","529","Music",2013,"Spain",47076781,13.96
"Aditya Movies",207,"2,43,00,000","7,90,81,71,009","4,274","Movies",2012,"India",1366417754,5.36
"Aditya Music",178,"2,61,00,000","22,66,18,22,099","19,992","Music",2008,NA,NA,NA
"AdMe",499,"1,56,00,000","4,01,27,49,893","5,356","Entertainment",2015,"Spain",47076781,13.96
"AH",133,"2,99,00,000","4,08,24,64,979","1,809","Entertainment",2014,"Indonesia",270203917,4.69
"Ajay Sharma",780,"1,24,00,000","9,18,13,98,526","607","Entertainment",2012,"nan",NA,NA
"Akon",889,"1,16,00,000","5,28,99,51,047","37","Music",2005,"United States",328239523,14.7
"Alan Becker",307,"1,99,00,000","4,32,12,86,202","116","Film & Animation",2006,"United States",328239523,14.7
"Alan Chikin Chow",887,"1,16,00,000","11,87,62,97,990","508","Comedy",2020,"United States",328239523,14.7
"Alan Walker",57,"4,22,00,000","11,73,12,28,995","318","Music",2012,"Thailand",69625582,0.75
"AlArabiya العربية",945,"1,12,00,000","5,89,26,43,162","1,29,135","People & Blogs",2006,NA,NA,NA
"Alejo Igoa",494,"1,57,00,000","5,27,61,27,016","699","Comedy",2014,"Argentina",44938712,9.79
"Alex Gonzaga Official",724,"1,29,00,000","1,30,05,28,162","238","People & Blogs",2017,"Philippines",108116615,2.15
"Ali-A",391,"1,77,00,000","5,76,60,28,299","3,920","Gaming",2006,"nan",NA,NA
"AM3NlC",629,"1,40,00,000","4,81,66,38,383","5,446","Gaming",2012,"Brazil",212559417,12.08
"AMARINTV : อมรินทร์ทีวี",488,"1,57,00,000","11,19,40,74,075","97,231","Entertainment",2014,NA,NA,NA
"America's Got Talent",258,"2,17,00,000","4,01,69,33,296","2,751","Entertainment",2006,"United States",328239523,14.7
"Ami Rodriguez",749,"1,26,00,000","1,98,66,03,595","358","Entertainment",2009,"Colombia",50339443,9.71
"Amit Bhadana",212,"2,41,00,000","2,24,26,31,303","93","Entertainment",2012,"nan",NA,NA
"Anasala I أنس و أصالة",624,"1,41,00,000","3,06,86,19,934","407","Entertainment",2017,NA,NA,NA
"Anaysa",694,"1,32,00,000","3,17,35,75,287","490","Howto & Style",2012,"India",1366417754,5.36
"And TV",520,"1,51,00,000","11,58,38,24,903","26,477","Entertainment",2015,"United States",328239523,14.7
"Anitta",435,"1,67,00,000","6,61,01,75,435","99","Music",2011,"Brazil",212559417,12.08
"Annoying Orange",910,"1,14,00,000","7,89,37,69,128","1,861","Shows",2010,NA,NA,NA
"Antrax",466,"1,61,00,000","2,94,98,91,202","654","Gaming",2015,"Mexico",126014024,3.42
"Anuel AA",238,"2,24,00,000","11,62,76,13,226","92","Music",2016,"Colombia",50339443,9.71
"Aphmau",626,"1,40,00,000","13,36,47,84,369","3,996","Gaming",2012,"United States",328239523,14.7
"Apple",482,"1,59,00,000","80,81,36,104","205","Science & Technology",2005,"United States",328239523,14.7
"Ariana Grande",39,"5,16,00,000","22,15,80,94,076","146","Music",2007,"United States",328239523,14.7
"ArianaGrandeVevo",382,"1,78,00,000","19,01,12,69,725","177","Music",2010,"United States",328239523,14.7
"Arif muhammad",598,"1,44,00,000","3,40,00,90,845","428","People & Blogs",2017,"Indonesia",270203917,4.69
"ARY Digital HD",111,"3,22,00,000","25,30,43,11,207","71,075","Entertainment",2016,"Pakistan",216565318,4.45
"ashish chanchlani vines",150,"2,86,00,000","4,05,45,89,048","147","Comedy",2009,"India",1366417754,5.36
"ATHLEAN-X™",722,"1,29,00,000","2,16,27,86,560","1,296","Howto & Style",2006,NA,NA,NA
"Atlantic Records",687,"1,33,00,000","11,69,58,28,552","1,421","Music",2006,"United States",328239523,14.7
"Auron",648,"1,38,00,000","2,58,34,08,205","694","People & Blogs",2013,"Spain",47076781,13.96
"AuronPlay",141,"2,92,00,000","3,93,59,38,048","404","Comedy",2006,"Spain",47076781,13.96
"AuthenticGames",299,"2,01,00,000","8,85,26,35,760","4,638","Gaming",2011,"Brazil",212559417,12.08
"Avicii",295,"2,02,00,000","9,49,99,13,181","149","Music",2009,"Sweden",10285453,6.48
"Avocado Couple I Crazy Comics",950,"1,12,00,000","3,13,84,96,496","660","Film & Animation",2018,NA,NA,NA
"Avril Lavigne",838,"1,19,00,000","5,63,62,75,144","140","Music",2005,"United States",328239523,14.7
"Awakening Music",769,"1,25,00,000","4,94,41,09,812","709","Music",2006,"United Kingdom",66834405,3.85
"Azhan5star",841,"1,19,00,000","6,37,11,01,819","365","Entertainment",2021,"India",1366417754,5.36
"AzzyLand",677,"1,34,00,000","6,04,54,22,126","1,620","Gaming",2015,"Canada",36991981,5.56
"BabyBus - Canciones Infantiles & Cuentos",268,"2,11,00,000","11,92,24,57,689","973","Education",2018,NA,NA,NA
"BabyBus - Cerita & Lagu Anak-anak",369,"1,81,00,000","10,23,22,50,581","672","Education",2019,"Indonesia",270203917,4.69
"BabyBus - Kids Songs and Cartoons",140,"2,92,00,000","23,79,06,06,514","1,825","Education",2016,"United States",328239523,14.7
"Bad Bunny",56,"4,25,00,000","23,74,88,05,401","123","Music",2014,"nan",NA,NA
"Badabun",47,"4,56,00,000","18,56,79,25,780","13,814","Entertainment",2014,"nan",NA,NA
"Baim Paula",279,"2,08,00,000","4,25,46,48,656","1,957","People & Blogs",2016,"Indonesia",270203917,4.69
"BakLol Video",969,"1,11,00,000","3,25,08,51,179","257","Entertainment",2016,NA,NA,NA
"BanderitaX",846,"1,19,00,000","3,34,75,02,658","1,474","Gaming",2013,"Saudi Arabia",34268528,5.93
"BANGTANTV",19,"7,00,00,000","17,47,10,90,750","1,787","Music",2012,"South Korea",51709098,4.15
"Barbie",979,"1,10,00,000","3,70,39,38,514","2,411","Entertainment",2005,NA,NA,NA
"BB Ki Vines",188,"2,55,00,000","4,37,17,51,617","185","Entertainment",2015,"India",1366417754,5.36
"BBC",752,"1,26,00,000","8,83,07,04,358","12,973","Pets & Animals",2005,"United Kingdom",66834405,3.85
"BBC Earth",916,"1,14,00,000","4,06,91,24,046","2,248","Pets & Animals",2009,NA,NA,NA
"BBC News",736,"1,28,00,000","3,84,11,46,030","16,397","News & Politics",2006,"United Kingdom",66834405,3.85
"BBC News Hindi",569,"1,46,00,000","5,54,45,47,819","16,437","News & Politics",2009,"India",1366417754,5.36
"Beast Reacts",347,"1,87,00,000","2,52,84,80,817","215","People & Blogs",2016,"United States",328239523,14.7
"Becky G",287,"2,04,00,000","9,55,28,00,638","73","Music",2011,"United States",328239523,14.7
"Bela Bagunça",814,"1,22,00,000","2,77,09,79,129","921","People & Blogs",2015,NA,NA,NA
"Ben Azelart",938,"1,13,00,000","2,29,40,03,189","236","Film & Animation",2014,"United States",328239523,14.7
"Beyoncé",196,"2,49,00,000","15,71,73,79,166","234","Music",2005,NA,NA,NA
"BeyoncéVEVO",714,"1,29,00,000","13,13,05,70,880","167","Music",2009,NA,NA,NA
"bharatzkitchen HINDI",973,"1,11,00,000","1,90,33,04,025","626","Howto & Style",2016,"India",1366417754,5.36
"BIBO와 장난감",759,"1,26,00,000","2,87,52,52,577","152","Entertainment",2016,NA,NA,NA
"Bie The Ska",638,"1,39,00,000","4,42,76,09,230","1,349","Entertainment",2006,"Thailand",69625582,0.75
"BIGBANG",545,"1,48,00,000","7,35,32,65,213","776","Music",2005,"South Korea",51709098,4.15
"Billie Eilish",43,"4,62,00,000","11,99,93,49,578","48","Music",2013,"United States",328239523,14.7
"BillionSurpriseToys - English Kids Songs & Cartoon",45,"4,57,00,000","8,59,06,57,189","648","Education",2013,NA,NA,NA
"Biper y sus Amigos",912,"1,14,00,000","4,99,16,97,738","119","Music",2012,NA,NA,NA
"Bispo Bruno Leonardo",867,"1,18,00,000","1,88,21,50,122","3,439","Nonprofits & Activism",2016,"Brazil",212559417,12.08
"Bizarrap",515,"1,52,00,000","4,68,34,88,651","78","Comedy",2017,"Argentina",44938712,9.79
"Black Eyed Peas",909,"1,14,00,000","9,49,26,96,997","39","Music",2007,NA,NA,NA
"BLACKPINK",15,"7,62,00,000","24,70,74,15,704","397","People & Blogs",2016,"South Korea",51709098,4.15
"Blippi - Educational Videos for Kids",459,"1,61,00,000","12,99,19,67,769","453","Education",2014,"United States",328239523,14.7
"Blippi Español",644,"1,38,00,000","7,68,54,05,847","408","People & Blogs",2017,NA,NA,NA
"Blockbuster Movies",803,"1,23,00,000","2,28,66,59,867","344","Entertainment",2016,"India",1366417754,5.36
"Blossom",755,"1,26,00,000","4,27,03,06,760","533","Howto & Style",2017,"United States",328239523,14.7
"Bollywood Classics",125,"3,06,00,000","19,24,44,30,138","2,008","Music",2012,"India",1366417754,5.36
"Bollywood Classics",579,"1,45,00,000","6,03,63,42,725","1,147","Entertainment",2011,"India",1366417754,5.36
"Boram Tube ToysReview [보람튜브 토이리뷰]",592,"1,44,00,000","4,91,41,28,767","568","People & Blogs",2016,NA,NA,NA
"Boram Tube Vlog [보람튜브 브이로그]",139,"2,94,00,000","13,10,91,87,449","223","Entertainment",2012,NA,NA,NA
"Bounce Patrol - Kids Songs",172,"2,64,00,000","18,89,10,28,184","205","Music",2013,"Australia",25766605,5.27
"Boyce Avenue",475,"1,59,00,000","6,23,01,90,520","438","Music",2007,"United States",328239523,14.7
"Brancoala",993,"1,09,00,000","7,93,47,25,886","1,685","Entertainment",2008,NA,NA,NA
"Brave Wilderness",293,"2,03,00,000","4,60,64,59,332","718","Pets & Animals",2014,"United States",328239523,14.7
"Brawl Stars",794,"1,24,00,000","1,79,62,20,780","130","Gaming",2017,"Finland",5520314,6.59
"Brent Rivera",284,"2,05,00,000","4,65,58,19,045","484","Comedy",2009,"United States",328239523,14.7
"BRIGHT SIDE",50,"4,39,00,000","10,05,85,36,263","4,540","Howto & Style",2017,"nan",NA,NA
"Britain's Got Talent",348,"1,86,00,000","10,51,25,30,241","3,735","Entertainment",2008,"United Kingdom",66834405,3.85
"Bruno Mars",89,"3,53,00,000","17,39,58,25,825","97","Music",2006,"United States",328239523,14.7
"BuzzFeedVideo",292,"2,03,00,000","17,75,57,14,250","7,347","People & Blogs",2011,"United States",328239523,14.7
"Caeli YT",496,"1,57,00,000","1,50,92,44,860","545","Entertainment",2010,"Mexico",126014024,3.42
"Calon Sarjana",705,"1,30,00,000","1,06,64,585","29","Entertainment",2016,"Indonesia",270203917,4.69
"Calvin Harris",351,"1,85,00,000","14,88,68,53,329","76","Music",2007,"United Kingdom",66834405,3.85
"CalvinHarrisVEVO",852,"1,18,00,000","13,61,50,89,843","173","Music",2009,NA,NA,NA
"Camila Cabello",476,"1,59,00,000","6,08,61,65,889","61","Music",2015,"United States",328239523,14.7
"Camila Loures",614,"1,42,00,000","4,18,90,52,804","3,429","Music",2014,"Brazil",212559417,12.08
"Camilo",513,"1,52,00,000","6,00,36,97,328","80","Music",2010,"Colombia",50339443,9.71
"Canal Canalha",281,"2,07,00,000","1,83,42,93,432","291","Comedy",2011,"Brazil",212559417,12.08
"Canal IN",467,"1,61,00,000","2,57,30,50,059","723","People & Blogs",2017,"Brazil",212559417,12.08
"Canal KondZilla",22,"6,59,00,000","36,57,67,04,790","2,313","Music",2012,"Brazil",212559417,12.08
"Canal Nostalgia",588,"1,45,00,000","1,41,66,89,094","370","Entertainment",2008,"Spain",47076781,13.96
"CaptainSparklez",933,"1,13,00,000","3,92,42,74,232","5,501","Gaming",2010,NA,NA,NA
"Cardi B",354,"1,85,00,000","7,06,96,24,864","60","People & Blogs",2016,"nan",NA,NA
"CarryisLive",956,"1,12,00,000","1,37,19,95,657","893","Gaming",2017,NA,NA,NA
"CarryMinati",81,"3,63,00,000","2,94,82,37,121","178","Comedy",2014,"India",1366417754,5.36
"CaseyNeistat",789,"1,24,00,000","3,04,43,39,760","1,068","People & Blogs",2010,"United States",328239523,14.7
"Ch3Thailand",116,"3,16,00,000","20,33,57,20,484","76,039","Entertainment",2014,"Thailand",69625582,0.75
"Ch7HD",524,"1,50,00,000","11,68,87,98,550","49,889","Entertainment",2010,"Thailand",69625582,0.75
"Chad Wild Clay",591,"1,44,00,000","6,16,16,05,244","630","Comedy",2006,"United States",328239523,14.7
"ChainsmokersVEVO",943,"1,12,00,000","11,41,58,09,929","231","Music",2012,NA,NA,NA
"Charlie Puth",280,"2,07,00,000","8,60,92,02,215","132","Music",2009,"United States",328239523,14.7
"CHHOTU KI MASTI",842,"1,19,00,000","4,06,40,45,560","106","Comedy",2018,NA,NA,NA
"Chloe Ting",214,"2,40,00,000","2,73,58,28,023","367","Howto & Style",2011,"Australia",25766605,5.27
"Chotoonz TV - Funny Cartoons for Kids",962,"1,11,00,000","7,01,54,48,647","1,797","Film & Animation",2013,NA,NA,NA
"Chris Brown",224,"2,34,00,000","13,63,09,44,140","21","Music",2006,"nan",NA,NA
"ChrisBrownVEVO",825,"1,20,00,000","12,49,34,03,632","290","Music",2009,NA,NA,NA
"ChuChu TV Nursery Rhymes & Kids Songs",27,"5,77,00,000","39,26,66,52,127","506","Education",2013,"India",1366417754,5.36
"CKN",357,"1,83,00,000","18,78,63,77,776","814","Entertainment",2015,"Spain",47076781,13.96
"Clash of Clans",343,"1,88,00,000","3,62,35,86,697","553","Gaming",2013,"United States",328239523,14.7
"CNCO",856,"1,18,00,000","6,88,18,36,992","172","Music",2015,NA,NA,NA
"CNN",618,"1,41,00,000","12,08,32,77,333","1,55,569","News & Politics",2005,"United States",328239523,14.7
"Cocomelon - Nursery Rhymes",3,"14,00,00,000","1,35,48,13,39,848","786","Education",2006,"United States",328239523,14.7
"Codiscos",818,"1,21,00,000","9,82,33,85,812","6,967","Music",2007,"Colombia",50339443,9.71
"Coisa de Nerd",988,"1,10,00,000","3,41,94,35,728","1,962","Gaming",2009,NA,NA,NA
"Coke Studio",713,"1,29,00,000","3,27,42,34,309","529","Music",2014,"United States",328239523,14.7
"Coldplay",221,"2,35,00,000","15,07,81,70,011","347","Music",2010,"United Kingdom",66834405,3.85
"colinfurze",849,"1,19,00,000","1,47,20,27,354","350","Entertainment",2006,"United Kingdom",66834405,3.85
"CollegeHumor",578,"1,45,00,000","7,33,18,68,655","3,307","Comedy",2006,"United States",328239523,14.7
"Collins Key",218,"2,39,00,000","6,36,83,98,946","251","Entertainment",2011,"United States",328239523,14.7
"Colors Rishtey",923,"1,13,00,000","8,95,47,81,989","13,423","Entertainment",2013,"India",1366417754,5.36
"Colors TV",30,"5,51,00,000","52,61,15,04,230","87,427","Shows",2008,"India",1366417754,5.36
"Come Play With Me",805,"1,22,00,000","14,39,01,56,987","367","Entertainment",2014,NA,NA,NA
"Comedy Central",966,"1,11,00,000","6,29,71,39,999","5,841","Comedy",2006,NA,NA,NA
"Conor Maynard",710,"1,30,00,000","2,58,14,52,824","282","Music",2006,"United States",328239523,14.7
"CookieSwirlC",363,"1,82,00,000","20,93,85,93,710","3,571","Entertainment",2013,"United States",328239523,14.7
"CookingShooking Hindi",738,"1,28,00,000","1,60,99,03,713","393","People & Blogs",2017,"India",1366417754,5.36
"CoryxKenshin",636,"1,39,00,000","5,81,62,95,650","1,628","Gaming",2009,"United States",328239523,14.7
"Crafty Panda",337,"1,90,00,000","5,67,24,97,949","613","People & Blogs",2017,"United States",328239523,14.7
"CrashCourse",663,"1,36,00,000","1,69,96,69,363","1,436","Education",2006,"United States",328239523,14.7
"Crazy Frog",729,"1,28,00,000","6,88,75,08,307","33","Music",2009,"nan",NA,NA
"Crazy XYZ",242,"2,23,00,000","5,86,91,32,761","1,085","Entertainment",2017,"India",1366417754,5.36
"CrazyRussianHacker",917,"1,14,00,000","3,01,16,07,663","1,970","Science & Technology",2012,NA,NA,NA
"Crescendo com Luluca",756,"1,26,00,000","4,24,16,51,530","1,107","Entertainment",2015,"Brazil",212559417,12.08
"Cut",947,"1,12,00,000","4,84,67,00,433","1,738","Entertainment",2014,NA,NA,NA
"CVS 3D Rhymes & Kids Songs",126,"3,05,00,000","18,63,66,99,832","338","Education",2008,"India",1366417754,5.36
"Cyprien",599,"1,44,00,000","3,00,58,99,595","205","Comedy",2007,"France",67059887,8.43
"D Billions",294,"2,02,00,000","21,87,24,99,520","429","",2019,"United States",328239523,14.7
"Daddy Yankee",79,"3,68,00,000","20,47,98,31,396","423","Music",2011,"United States",328239523,14.7
"Daftar Populer",572,"1,46,00,000","1,85,95,86,741","2,898","Education",2017,"Indonesia",270203917,4.69
"Daily Dose Of Internet",621,"1,41,00,000","4,26,57,11,762","396","Entertainment",2015,"United States",328239523,14.7
"DALLMYD",711,"1,30,00,000","1,73,83,11,790","616","Sports",2011,"United States",328239523,14.7
"Dan-Sa / Daniel Saboya",370,"1,81,00,000","6,16,57,02,828","2,062","Music",2007,"Brazil",212559417,12.08
"Dan Rhodes",518,"1,51,00,000","10,71,51,45,365","1,315","Entertainment",2015,"United Kingdom",66834405,3.85
"Dang Matt Smith",655,"1,37,00,000","3,10,18,95,284","1,372","Entertainment",2011,NA,NA,NA
"Dangal TV Channel",557,"1,47,00,000","8,28,25,92,676","8,625","Entertainment",2017,"India",1366417754,5.36
"Dani Russo Tv",884,"1,17,00,000","60,20,60,711","280","Comedy",2014,NA,NA,NA
"DANIEL EL TRAVIESO VIDEOS",858,"1,18,00,000","4,75,51,90,859","324","Comedy",2014,NA,NA,NA
"Daniel LaBelle",645,"1,38,00,000","7,01,33,83,323","224","Comedy",2009,"nan",NA,NA
"DaniRep | +6 Vídeos Diarios De GTA 5 Online!",828,"1,20,00,000","6,44,75,19,975","10,858","Gaming",2012,NA,NA,NA
"DanTDM",177,"2,62,00,000","18,80,96,15,646","3,603","Gaming",2012,"United Kingdom",66834405,3.85
"Darkar Company Studios",656,"1,37,00,000","2,20,11,67,967","164","Film & Animation",2009,"United States",328239523,14.7
"Dave and Ava - Nursery Rhymes and Baby Songs",547,"1,48,00,000","9,86,42,62,216","732","Education",2014,"United States",328239523,14.7
"David Dobrik",364,"1,82,00,000","7,08,74,07,988","536","People & Blogs",2014,"United States",328239523,14.7
"David Guetta",205,"2,43,00,000","15,95,99,28,823","633","Music",2009,"United States",328239523,14.7
"Davie504",823,"1,21,00,000","2,32,92,41,574","793","Entertainment",2011,"Italy",60297396,9.89
"Dear Sir",740,"1,28,00,000","91,85,48,566","482","Education",2016,"India",1366417754,5.36
"Deddy Corbuzier",331,"1,92,00,000","4,07,53,68,246","1,132","Entertainment",2009,"Indonesia",270203917,4.69
"DeGoBooM",820,"1,21,00,000","4,73,23,55,492","3,062","Gaming",2014,"Chile",18952038,7.09
"Demi Lovato",384,"1,78,00,000","6,49,51,31,112","282","Music",2008,"United States",328239523,14.7
"DemiLovatoVEVO",946,"1,12,00,000","5,54,33,63,992","201","Music",2009,NA,NA,NA
"Desi Gamers",703,"1,31,00,000","1,93,87,24,616","1,223","Gaming",2015,"nan",NA,NA
"Desi Music Factory",104,"3,30,00,000","9,48,19,87,642","125","Music",2014,"nan",NA,NA
"DeToxoMoroxo",440,"1,66,00,000","2,21,21,49,791","488","Entertainment",2012,"nan",NA,NA
"Dhar Mann",446,"1,64,00,000","8,64,24,59,264","649","People & Blogs",2018,"nan",NA,NA
"Diana and Roma ARA",261,"2,16,00,000","9,79,00,33,957","503","",2019,"United States",328239523,14.7
"Diana and Roma EN",381,"1,79,00,000","3,86,81,66,958","424","People & Blogs",2011,"United States",328239523,14.7
"Diana and Roma IND",967,"1,11,00,000","4,80,27,76,148","446","",2019,"United States",328239523,14.7
"Disney Junior",766,"1,25,00,000","11,45,13,99,743","3,261","Entertainment",2008,"United States",328239523,14.7
"Disney Latinoamérica",286,"2,04,00,000","19,29,60,50,086","7,811","Entertainment",2007,NA,NA,NA
"DisneyChannelUK",797,"1,23,00,000","11,60,62,88,094","3,238","Music",2007,"United Kingdom",66834405,3.85
"DisneyJuniorUK",959,"1,11,00,000","12,32,17,08,693","2,799","Entertainment",2010,NA,NA,NA
"DisneyMusicVEVO",130,"3,01,00,000","24,69,33,46,235","1,771","Music",2010,"United States",328239523,14.7
"DJ Khaled",786,"1,24,00,000","6,05,41,12,231","39","Music",2018,"Samoa",202506,8.36
"DJ Snake",223,"2,34,00,000","7,64,57,34,689","209","Music",2008,"United States",328239523,14.7
"DLS News",339,"1,90,00,000","1,94,61,97,106","3,559","News & Politics",2017,"India",1366417754,5.36
"DM - Desi Melodies",637,"1,39,00,000","5,05,60,80,182","45","Music",2017,"India",1366417754,5.36
"Dobre Brothers",1000,"1,09,00,000","2,80,84,11,693","590","People & Blogs",2017,NA,NA,NA
"Doc Tops",640,"1,39,00,000","2,46,94,11,668","437","Entertainment",2014,"Ecuador",17373662,3.97
"Doggy Doggy Cartoons",429,"1,68,00,000","6,45,92,85,262","4,723","Entertainment",2012,"nan",NA,NA
"Doja Cat",983,"1,10,00,000","5,45,98,91,400","25","Music",2018,NA,NA,NA
"DONA 도나",155,"2,81,00,000","18,42,11,72,559","160","Entertainment",2018,NA,NA,NA
"DopeLyrics",474,"1,59,00,000","9,80,35,33,121","1,937","Music",2016,"United States",328239523,14.7
"Dr. Vivek Bindra: Motivational Speaker",324,"1,94,00,000","1,47,86,60,028","683","Education",2013,"India",1366417754,5.36
"Drake",167,"2,68,00,000","12,94,79,66,180","53","Music",2009,"nan",NA,NA
"Drawblogs",587,"1,45,00,000","1,69,49,34,569","362","Entertainment",2014,"Peru",32510453,3.31
"Dream",131,"3,00,00,000","2,67,30,17,855","110","Gaming",2014,"United States",328239523,14.7
"DrossRotzank",237,"2,25,00,000","5,74,30,37,460","1,508","Entertainment",2006,"Argentina",44938712,9.79
"Dua Lipa",273,"2,09,00,000","9,92,80,11,592","164","Music",2011,"United Kingdom",66834405,3.85
"Dude Perfect",26,"5,81,00,000","14,74,28,60,905","297","Sports",2009,"United States",328239523,14.7
"DUDU e CAROL",433,"1,67,00,000","6,53,09,46,230","2,874","Autos & Vehicles",2013,"Brazil",212559417,12.08
"Duo Tiempo De Sol",901,"1,15,00,000","5,73,36,16,887","278","Music",2013,"Spain",47076781,13.96
"Dushyant kukreja",468,"1,60,00,000","11,09,53,40,736","571","Entertainment",2015,"India",1366417754,5.36
"Dyland PROS",503,"1,55,00,000","1,29,45,19,810","1,803","Entertainment",2015,"Indonesia",270203917,4.69
"E-MasterSensei",861,"1,18,00,000","3,23,55,32,845","1,151","Gaming",2016,"Mexico",126014024,3.42
"Ed Sheeran",37,"5,22,00,000","27,88,17,81,761","253","Music",2006,"United Kingdom",66834405,3.85
"EdisonPts",633,"1,39,00,000","5,60,69,59,168","3,490","Gaming",2013,"Russia",144373535,4.59
"EeOneGuy",414,"1,72,00,000","3,80,44,13,513","363","Entertainment",2013,"United States",328239523,14.7
"Ei Nerd",746,"1,27,00,000","3,20,75,38,507","5,219","Entertainment",2013,"nan",NA,NA
"El Payaso Plim Plim",575,"1,45,00,000","12,57,30,29,533","992","Film & Animation",2013,"Argentina",44938712,9.79
"El Reino a Jugar",473,"1,59,00,000","10,17,55,37,321","872","Education",2015,"Argentina",44938712,9.79
"El Reino Infantil",38,"5,17,00,000","49,89,52,47,456","1,309","Music",2011,"Argentina",44938712,9.79
"El Rincón De Giorgio",954,"1,12,00,000","1,54,36,63,972","551","Entertainment",2013,NA,NA,NA
"elcarteldesantatv",927,"1,13,00,000","6,26,13,74,873","313","Music",2008,"Mexico",126014024,3.42
"elliegoulding",782,"1,24,00,000","6,55,68,22,629","104","Music",2007,NA,NA,NA
"elrubiusOMG",63,"4,04,00,000","7,48,31,16,325","705","Gaming",2011,"nan",NA,NA
"eltrece",886,"1,16,00,000","11,10,60,97,841","1,49,786","Entertainment",2014,NA,NA,NA
"ElTrollino",374,"1,80,00,000","5,48,61,03,239","1,517","Entertainment",2013,NA,NA,NA
"Emily Tube",986,"1,10,00,000","4,04,03,93,626","770","Entertainment",2014,NA,NA,NA
"EminemMusic",32,"5,30,00,000","23,71,78,69,724","140","Music",2007,"United States",328239523,14.7
"EminemVEVO",194,"2,49,00,000","18,78,67,48,261","98","Music",2009,"United States",328239523,14.7
"Emiway Bantai",378,"1,80,00,000","3,03,88,99,728","201","Music",2013,"India",1366417754,5.36
"emma chamberlain",883,"1,17,00,000","1,53,18,33,342","283","Entertainment",2016,NA,NA,NA
"Enaldinho",269,"2,11,00,000","7,38,28,59,153","2,908","Comedy",2012,"Brazil",212559417,12.08
"enchufetv",175,"2,63,00,000","10,02,21,94,205","994","Comedy",2011,"Colombia",50339443,9.71
"Enes Batur",491,"1,57,00,000","9,41,00,61,135","1,979","Gaming",2012,"nan",NA,NA
"Enrique Iglesias",233,"2,29,00,000","16,53,90,33,540","405","Music",2007,"United States",328239523,14.7
"EnriqueIglesiasVEVO",707,"1,30,00,000","14,77,37,05,750","137","Music",2009,"United States",328239523,14.7
"ERB",552,"1,48,00,000","3,90,57,23,697","85","Entertainment",2006,"United States",328239523,14.7
"Erlania e Valentina Pontes",236,"2,27,00,000","7,55,66,15,404","1,117","Film & Animation",2014,NA,NA,NA
"Eros Now Music",119,"3,10,00,000","16,58,26,48,732","9,807","Entertainment",2007,"India",1366417754,5.36
"ETV Jabardasth",696,"1,31,00,000","12,10,20,23,764","7,805","People & Blogs",2015,"India",1366417754,5.36
"etvteluguindia",405,"1,73,00,000","19,46,52,95,267","1,11,360","Entertainment",2010,"India",1366417754,5.36
"EU FICO LOKO",869,"1,18,00,000","1,19,01,35,430","1,605","Comedy",2010,NA,NA,NA
"Everson Zoio",725,"1,29,00,000","99,03,62,305","587","Comedy",2009,"Brazil",212559417,12.08
"ExpCaseros",918,"1,14,00,000","2,51,55,01,575","1,023","Howto & Style",2012,NA,NA,NA
"ExplosmEntertainment",987,"1,10,00,000","3,68,56,64,468","1,048","Comedy",2009,NA,NA,NA
"ExtraPolinesios",450,"1,63,00,000","4,69,63,67,446","480","People & Blogs",2012,"nan",NA,NA
"F2Freestylers - Ultimate Soccer Skills Channel",630,"1,40,00,000","3,15,25,82,636","777","Sports",2011,"United Kingdom",66834405,3.85
"FactTechz",399,"1,75,00,000","2,11,29,29,572","578","Entertainment",2016,"India",1366417754,5.36
"FailArmy",472,"1,60,00,000","2,04,16,20,563","337","Comedy",2011,"United States",328239523,14.7
"Family GamesTV",288,"2,04,00,000","7,06,16,90,830","277","Entertainment",2016,"nan",NA,NA
"FAPTV",678,"1,34,00,000","4,97,58,21,188","595","Comedy",2014,"Vietnam",96462106,2.01
"Farruko",380,"1,79,00,000","8,48,00,00,414","193","Music",2009,"United States",328239523,14.7
"Fatos Desconhecidos",335,"1,91,00,000","3,25,28,68,093","5,240","Entertainment",2013,"Brazil",212559417,12.08
"FaZe Rug",264,"2,15,00,000","6,00,99,51,177","1,997","Gaming",2012,"Canada",36991981,5.56
"FC Barcelona",643,"1,38,00,000","2,20,33,76,862","9,960","Sports",2006,"Spain",47076781,13.96
"Fede Vigevani",479,"1,59,00,000","4,74,54,14,554","865","Howto & Style",2009,"nan",NA,NA
"Felipe Neto",49,"4,43,00,000","15,47,55,71,879","3,512","Entertainment",2006,"Brazil",212559417,12.08
"Fernanfloo",48,"4,51,00,000","9,96,67,28,650","541","Gaming",2011,"El Salvador",6453553,4.11
"FFUNTV",873,"1,17,00,000","9,32,56,85,889","364","Gaming",2018,"United Arab Emirates",9770529,2.35
"FGTeeV",272,"2,09,00,000","22,56,70,64,225","1,594","Gaming",2013,"United States",328239523,14.7
"FIFA",821,"1,21,00,000","3,90,45,15,416","9,589","Sports",2006,"Switzerland",8574832,4.58
"Fifth Harmony",589,"1,44,00,000","7,52,69,71,366","67","Music",2013,"United States",328239523,14.7
"First We Feast",895,"1,16,00,000","2,48,58,14,338","819","Howto & Style",2014,"United States",328239523,14.7
"FitDance",505,"1,54,00,000","6,54,18,27,030","3,537","Music",2013,"France",67059887,8.43
"Flamingo",982,"1,10,00,000","8,87,49,80,800","2,196","Gaming",2017,NA,NA,NA
"Flowers Comedy",981,"1,10,00,000","9,52,16,53,019","8,840","Entertainment",2015,"India",1366417754,5.36
"Fortnite",951,"1,12,00,000","2,12,32,31,155","792","Gaming",2014,NA,NA,NA
"Franco Escamilla",949,"1,12,00,000","3,34,45,78,049","2,053","Comedy",2007,"Mexico",126014024,3.42
"Free Fire India Official",922,"1,13,00,000","1,38,96,60,530","1,117","People & Blogs",2018,"India",1366417754,5.36
"FrontaL Gaming",885,"1,17,00,000","25,50,73,454","108","Gaming",2015,NA,NA,NA
"Frost Diamond",243,"2,23,00,000","5,35,75,78,673","2,191","Gaming",2014,"nan",NA,NA
"Fueled By Ramen",576,"1,45,00,000","12,62,92,00,270","1,190","Music",2006,"United States",328239523,14.7
"FunFun Toy Doll TV",500,"1,55,00,000","6,94,84,69,648","706","Entertainment",2016,"United States",328239523,14.7
"FunToys Collector Disney Toys Review",958,"1,11,00,000","15,05,04,47,314","2,910","Entertainment",2011,NA,NA,NA
"Future",817,"1,21,00,000","8,74,79,74,258","48","Music",2011,"United States",328239523,14.7
"Gaby and Alex",420,"1,70,00,000","7,94,25,53,236","351","Entertainment",2012,"nan",NA,NA
"Galinha Pintadinha",122,"3,08,00,000","22,85,87,82,418","62","Film & Animation",2006,"Brazil",212559417,12.08
"Gallina Pintadita",674,"1,34,00,000","9,05,47,27,117","59","Music",2011,"Mexico",126014024,3.42
"Games EduUu",998,"1,09,00,000","3,09,37,84,767","1,006","Gaming",2011,NA,NA,NA
"Gaming",10,"9,27,00,000","0","0","",2013,"nan",NA,NA
"Garena Free Fire LATAM",905,"1,15,00,000","1,58,76,61,793","1,425","People & Blogs",2018,NA,NA,NA
"Gato Galactico | GALÁXIA",504,"1,54,00,000","5,60,28,02,498","2,085","Film & Animation",2013,NA,NA,NA
"Geet MP3",106,"3,28,00,000","11,57,53,67,431","563","Music",2016,"India",1366417754,5.36
"GEN HALILINTAR",373,"1,81,00,000","3,17,89,60,318","969","Entertainment",2015,"Indonesia",270203917,4.69
"Genevieve's Playhouse - Learning Videos for Kids",171,"2,65,00,000","18,57,94,74,197","578","Education",2016,"United States",328239523,14.7
"GENIAL",118,"3,14,00,000","6,36,24,16,164","5,453","Howto & Style",2017,"Mexico",126014024,3.42
"Genierock",602,"1,43,00,000","13,31,03,08,313","1,540","Music",2008,"Thailand",69625582,0.75
"Genius",970,"1,11,00,000","2,89,10,52,624","2,797","Music",2011,NA,NA,NA
"Geo News",830,"1,20,00,000","5,35,81,31,096","1,53,929","News & Politics",2007,"Pakistan",216565318,4.45
"Get Movies",59,"4,13,00,000","28,55,93,41,412","3,963","Entertainment",2006,"Russia",144373535,4.59
"Gibby :)",802,"1,23,00,000","2,76,12,91,454","203","People & Blogs",2014,"Mexico",126014024,3.42
"GMA News",816,"1,21,00,000","10,47,16,77,314","3,29,711","News & Politics",2007,NA,NA,NA
"GMA Public Affairs",321,"1,94,00,000","11,96,89,87,179","37,390","Entertainment",2009,NA,NA,NA
"GMANetwork",161,"2,76,00,000","26,29,07,31,375","1,14,067","Entertainment",2006,NA,NA,NA
"GMM GRAMMY OFFICIAL",247,"2,21,00,000","24,12,85,28,075","13,755","Music",2010,"Thailand",69625582,0.75
"GMM25Thailand",659,"1,36,00,000","8,72,72,07,691","53,533","Entertainment",2011,"Thailand",69625582,0.75
"GMMTV OFFICIAL​​",544,"1,48,00,000","10,38,71,46,066","19,368","Entertainment",2010,NA,NA,NA
"Goldmines",17,"7,41,00,000","18,53,30,88,438","3,968","Film & Animation",2012,"nan",NA,NA
"Goldmines Bollywood",239,"2,24,00,000","7,12,21,22,133","2,409","Film & Animation",2015,"India",1366417754,5.36
"Goldmines Cineplex",283,"2,06,00,000","1,79,60,17,693","2,474","Film & Animation",2015,"India",1366417754,5.36
"Goldmines Dishoom",204,"2,44,00,000","7,14,36,95,444","2,844","Film & Animation",2016,"nan",NA,NA
"Goldmines Gaane Sune Ansune",93,"3,43,00,000","14,21,24,34,275","3,171","Music",2015,"India",1366417754,5.36
"Goldmines Great Indian Comedy",451,"1,63,00,000","4,23,85,95,667","2,008","Film & Animation",2016,"nan",NA,NA
"Goldmines Movies",265,"2,14,00,000","4,57,52,05,400","4,025","Film & Animation",2013,"nan",NA,NA
"Goldmines Premiere",761,"1,26,00,000","1,62,95,50,071","530","Entertainment",2013,"India",1366417754,5.36
"GoldminesAction",921,"1,14,00,000","1,06,93,20,125","529","Film & Animation",2015,NA,NA,NA
"Good Mythical Morning",389,"1,77,00,000","8,07,42,70,215","2,980","Entertainment",2008,"nan",NA,NA
"Gordon Ramsay",326,"1,93,00,000","3,63,17,48,240","1,287","Entertainment",2006,"United Kingdom",66834405,3.85
"Got Talent Global",323,"1,94,00,000","7,38,37,75,138","2,454","Entertainment",2013,"United Kingdom",66834405,3.85
"GR6 EXPLODE",73,"3,76,00,000","23,91,22,70,526","4,180","Music",2014,"Brazil",212559417,12.08
"GRAMMY GOLD OFFICIAL",416,"1,71,00,000","17,97,40,40,182","5,334","Music",2014,"Thailand",69625582,0.75
"Green Gold TV - Official Channel",352,"1,85,00,000","8,98,53,15,647","1,090","Film & Animation",2011,"India",1366417754,5.36
"Guava Juice",428,"1,69,00,000","8,61,42,18,175","1,754","Gaming",2006,"United States",328239523,14.7
"Gulshan Kalra",717,"1,29,00,000","6,13,05,00,064","339","Howto & Style",2018,"nan",NA,NA
"Gusttavo Lima Oficial",328,"1,92,00,000","11,81,50,01,366","335","Music",2010,"Brazil",212559417,12.08
"Gyan Gamingㅤ",605,"1,43,00,000","2,08,13,51,545","2,514","Gaming",2017,NA,NA,NA
"gymvirtual",775,"1,25,00,000","2,35,28,44,574","1,414","Sports",2010,"Spain",47076781,13.96
"H2ODelirious",689,"1,33,00,000","4,22,95,71,870","3,027","Gaming",2007,"United States",328239523,14.7
"Hacksmith",739,"1,28,00,000","1,34,38,14,218","745","Science & Technology",2006,NA,NA,NA
"HaerteTest",305,"2,00,00,000","3,02,73,61,293","1,160","Science & Technology",2011,"Germany",83132799,3.04
"Halsey",890,"1,16,00,000","4,41,20,88,740","51","Music",2014,NA,NA,NA
"Happy Lives",225,"2,34,00,000","10,08,97,84,164","596","Science & Technology",2016,"United States",328239523,14.7
"HAR PAL GEO",114,"3,19,00,000","26,00,34,63,646","61,818","Entertainment",2008,"Pakistan",216565318,4.45
"Harry Styles",680,"1,34,00,000","4,42,72,08,053","13","People & Blogs",2017,"United States",328239523,14.7
"Harsh Beniwal",543,"1,49,00,000","1,63,04,52,954","158","Comedy",2015,"India",1366417754,5.36
"Health Time",763,"1,26,00,000","97,88,76,224","1,604","Howto & Style",2016,"India",1366417754,5.36
"Hear This Music",608,"1,42,00,000","8,51,13,85,256","38","Music",2016,"nan",NA,NA
"HellomaphieMX",976,"1,11,00,000","1,58,41,74,173","382","Howto & Style",2013,NA,NA,NA
"Henrique e Juliano",536,"1,49,00,000","12,48,42,53,152","285","Music",2009,"Brazil",212559417,12.08
"Hero Movies 2022",906,"1,15,00,000","1,41,86,15,214","329","People & Blogs",2017,NA,NA,NA
"HiMan",368,"1,82,00,000","2,36,76,99,484","326","People & Blogs",2014,"Russia",144373535,4.59
"HolaSoyGerman.",53,"4,33,00,000","4,73,59,59,546","136","Entertainment",2011,"nan",NA,NA
"Hongyu ASMR 홍유",654,"1,37,00,000","4,28,54,57,943","515","People & Blogs",2018,NA,NA,NA
"How Ridiculous",718,"1,29,00,000","5,54,36,70,656","390","Sports",2009,"Australia",25766605,5.27
"HowToBasic",418,"1,71,00,000","3,56,10,01,854","563","Howto & Style",2011,"Australia",25766605,5.27
"Hueva",999,"1,09,00,000","3,04,03,01,750","831","Gaming",2012,NA,NA,NA
"HUM TV",248,"2,21,00,000","16,65,61,48,835","59,428","Entertainment",2011,"Pakistan",216565318,4.45
"Hungria Hip Hop",751,"1,26,00,000","3,96,06,01,978","44","Music",2013,"Brazil",212559417,12.08
"HYBE LABELS",21,"6,78,00,000","24,01,38,49,120","971","Music",2008,"South Korea",51709098,4.15
"HZHtube Kids Fun",811,"1,22,00,000","3,95,65,52,948","674","Entertainment",2015,NA,NA,NA
"Ice Cream Rolls",850,"1,19,00,000","1,46,90,47,858","1,528","Entertainment",2011,NA,NA,NA
"IDEAS EN 5 MINUTOS",447,"1,64,00,000","3,50,90,49,258","4,658","Howto & Style",2017,"Spain",47076781,13.96
"IDEIAS INCRÍVEIS",563,"1,47,00,000","3,49,80,40,367","4,643","Howto & Style",2017,NA,NA,NA
"IGN",430,"1,68,00,000","14,63,39,22,961","1,49,770","Gaming",2006,"United States",328239523,14.7
"ImagineDragons",146,"2,86,00,000","14,30,72,39,074","67","Music",2009,"United States",328239523,14.7
"INCRÍVEL",377,"1,80,00,000","3,01,74,67,860","5,682","People & Blogs",2017,NA,NA,NA
"IndiaTV",113,"3,19,00,000","13,41,70,41,251","2,37,971","News & Politics",2006,"India",1366417754,5.36
"Indosiar",276,"2,08,00,000","10,12,60,82,404","58,623","Music",2013,"Indonesia",270203917,4.69
"Infinite",330,"1,92,00,000","4,38,35,33,818","1,517","Entertainment",2014,"United States",328239523,14.7
"infobells",667,"1,35,00,000","4,97,75,66,807","463","Education",2011,"India",1366417754,5.36
"Infobells - Hindi",46,"4,56,00,000","25,63,55,91,765","476","Education",2014,"India",1366417754,5.36
"infobells - Kannada",908,"1,14,00,000","5,20,95,12,047","353","Education",2014,"India",1366417754,5.36
"infobells - Tamil",166,"2,69,00,000","16,49,27,04,526","460","Education",2014,"India",1366417754,5.36
"infobells - Telugu",174,"2,63,00,000","13,42,69,11,345","421","Education",2014,"India",1366417754,5.36
"Infobells Bangla",726,"1,28,00,000","6,16,59,83,944","284","Education",2016,"India",1366417754,5.36
"Inside Edition",980,"1,10,00,000","19,36,79,66,533","27,156","News & Politics",2012,NA,NA,NA
"Invento na Hora",622,"1,41,00,000","3,85,15,07,257","1,189","Film & Animation",2014,"Brazil",212559417,12.08
"invictor",355,"1,85,00,000","7,05,07,21,828","2,106","Gaming",2013,"Chile",18952038,7.09
"Ishtar Music",72,"3,78,00,000","14,99,92,40,876","4,535","Trailers",2005,"India",1366417754,5.36
"It's Mamix",607,"1,43,00,000","1,54,75,21,967","200","People & Blogs",2017,"United States",328239523,14.7
"iTownGamePlay *Terror&Diversión*",561,"1,47,00,000","4,78,44,33,628","7,674","Entertainment",2012,NA,NA,NA
"Its JoJo Siwa",812,"1,22,00,000","3,81,78,13,233","707","Entertainment",2015,NA,NA,NA
"J Balvin",95,"3,36,00,000","21,48,95,32,517","134","Music",2011,"Colombia",50339443,9.71
"Ja Mill",764,"1,25,00,000","1,30,28,18,088","567","People & Blogs",2016,"nan",NA,NA
"jacksepticeye",145,"2,86,00,000","15,48,56,08,801","4,988","Gaming",2007,"nan",NA,NA
"Jaiden Animations",937,"1,13,00,000","2,11,66,31,957","101","Film & Animation",2014,NA,NA,NA
"Jake Fellman",672,"1,34,00,000","10,04,71,23,955","352","Entertainment",2012,"United States",328239523,14.7
"Jake Paul",289,"2,04,00,000","7,21,91,40,294","934","People & Blogs",2013,"United States",328239523,14.7
"James Charles",219,"2,39,00,000","3,68,76,00,020","406","Entertainment",2015,"United States",328239523,14.7
"Jamuna TV",854,"1,18,00,000","9,14,40,58,244","84,071","News & Politics",2017,"Bangladesh",167310838,4.19
"Jane ASMR 제인",434,"1,67,00,000","6,44,35,86,305","1,546","",2012,NA,NA,NA
"Jason Derulo",431,"1,68,00,000","8,80,85,99,101","451","Music",2008,"United States",328239523,14.7
"Jason Vlogs",493,"1,57,00,000","7,13,77,78,517","666","Education",2015,"Australia",25766605,5.27
"Jass Records",819,"1,21,00,000","5,29,40,95,545","4,241","Music",2014,"nan",NA,NA
"Jazzghost",745,"1,27,00,000","4,63,91,45,138","5,111","Gaming",2012,"Brazil",212559417,12.08
"jbalvinVEVO",686,"1,33,00,000","19,69,13,12,985","235","Music",2010,"Colombia",50339443,9.71
"JD Pantoja",695,"1,32,00,000","1,38,08,96,972","16","People & Blogs",2017,"nan",NA,NA
"jeffreestar",481,"1,59,00,000","2,57,51,83,135","428","Howto & Style",2006,"United States",328239523,14.7
"Jelly",235,"2,28,00,000","14,23,99,94,409","5,667","Gaming",2014,"United Kingdom",66834405,3.85
"JennaMarbles",308,"1,99,00,000","1,76,17,74,908","250","Comedy",2010,"United States",328239523,14.7
"Jennifer Lopez",492,"1,57,00,000","9,51,20,25,119","224","Music",2005,"United States",328239523,14.7
"Jess No Limit",199,"2,47,00,000","3,06,01,87,306","1,914","Entertainment",2017,"Indonesia",270203917,4.69
"JesseAndMike",765,"1,25,00,000","9,10,28,60,878","630","Entertainment",2007,"United States",328239523,14.7
"JFlaMusic",397,"1,76,00,000","3,65,75,26,529","282","Music",2011,"South Korea",51709098,4.15
"Jimmy Kimmel Live",341,"1,88,00,000","12,47,25,20,905","6,073","Entertainment",2006,"United States",328239523,14.7
"Jingle Toons",149,"2,86,00,000","9,72,80,73,444","228","Film & Animation",2013,"India",1366417754,5.36
"JJ Olatunji",485,"1,58,00,000","3,63,14,94,389","1,183","Gaming",2011,"United Kingdom",66834405,3.85
"Jkk Entertainment",87,"3,57,00,000","15,13,34,42,317","194","Comedy",2017,"India",1366417754,5.36
"JOJO TV - Hindi Stories",799,"1,23,00,000","4,67,91,18,911","925","Education",2016,"India",1366417754,5.36
"Jordan Matter",791,"1,24,00,000","3,36,81,83,197","355","Entertainment",2006,"United States",328239523,14.7
"Jorge & Mateus Oficial",567,"1,46,00,000","7,98,15,63,626","294","Music",2008,"Brazil",212559417,12.08
"JP Plays",996,"1,09,00,000","4,60,93,00,218","3,528","Gaming",2014,NA,NA,NA
"Juan De Dios Pantoja",275,"2,09,00,000","1,60,11,42,353","175","Entertainment",2014,"Mexico",126014024,3.42
"JuegaGerman",44,"4,61,00,000","13,69,80,34,536","1,959","Gaming",2013,"Chile",18952038,7.09
"JukiLop",336,"1,91,00,000","1,54,04,03,509","85","People & Blogs",2017,"Mexico",126014024,3.42
"Juliana Baltar",773,"1,25,00,000","3,21,11,08,711","1,431","Entertainment",2010,"Brazil",212559417,12.08
"Junya.じゅんや",427,"1,69,00,000","9,52,92,05,653","3,150","Entertainment",2020,NA,NA,NA
"Just For Laughs Gags",807,"1,22,00,000","7,85,66,44,944","6,411","Comedy",2007,"United States",328239523,14.7
"Justin Bieber",20,"6,97,00,000","28,56,72,40,999","247","Music",2007,"Canada",36991981,5.56
"JustinBieberVEVO",115,"3,18,00,000","25,30,49,09,929","205","Music",2009,"United States",328239523,14.7
"JYP Entertainment",190,"2,52,00,000","17,15,29,81,455","1,502","Music",2008,"South Korea",51709098,4.15
"Kabita's Kitchen",792,"1,24,00,000","2,33,83,62,639","1,234","Howto & Style",2014,"India",1366417754,5.36
"KaKa Kids TV - Nursery Rhymes Kids Animated Songs",840,"1,19,00,000","4,11,54,01,899","310","",2013,NA,NA,NA
"karameeshchannel",784,"1,24,00,000","8,19,98,48,915","2,122","Entertainment",2012,"Jordan",10101694,14.72
"KAROL G",162,"2,74,00,000","14,04,04,59,862","121","Music",2013,"Colombia",50339443,9.71
"Katakit Baby TV",734,"1,28,00,000","5,24,31,85,280","169","Music",2010,"Saudi Arabia",34268528,5.93
"Katie Angel",486,"1,58,00,000","3,00,79,47,714","732","People & Blogs",2015,NA,NA,NA
"Katy Perry",54,"4,32,00,000","23,96,62,78,157","118","Music",2008,"United States",328239523,14.7
"KatyPerryVEVO",198,"2,48,00,000","22,67,94,85,513","171","Music",2009,"United States",328239523,14.7
"Kaykai Salaider",478,"1,59,00,000","4,24,87,04,474","399","Comedy",2011,"Thailand",69625582,0.75
"KBS WORLD TV",361,"1,82,00,000","13,92,66,19,677","58,485","Entertainment",2007,"South Korea",51709098,4.15
"Kerajinan 5-Menit",514,"1,52,00,000","4,46,57,27,515","3,392","People & Blogs",2018,"Indonesia",270203917,4.69
"Khan GS Research Centre",424,"1,70,00,000","1,67,06,39,781","347","Education",2019,"nan",NA,NA
"KHANDESHI MOVIES",112,"3,21,00,000","10,67,67,27,914","191","Comedy",2013,"India",1366417754,5.36
"Kiddiestv Hindi - Nursery Rhymes & Kids Songs",422,"1,70,00,000","6,22,13,83,175","192","Education",2017,"India",1366417754,5.36
"Kids Play",483,"1,58,00,000","7,71,39,81,883","545","Entertainment",2018,"United States",328239523,14.7
"Kids TV - Nursery Rhymes And Baby Songs",285,"2,04,00,000","11,74,74,46,967","3,367","Shows",2013,"United States",328239523,14.7
"Kids TV India Hindi Nursery Rhymes",857,"1,18,00,000","5,47,33,28,070","1,185","Shows",2014,"India",1366417754,5.36
"Kim Loaiza",684,"1,34,00,000","1,09,22,48,349","12","Music",2019,"nan",NA,NA
"Kimberly Loaiza",77,"3,72,00,000","4,25,41,48,920","206","People & Blogs",2016,"Mexico",126014024,3.42
"Kinder Spielzeug Kanal",329,"1,92,00,000","9,41,35,08,600","699","Entertainment",2015,NA,NA,NA
"Kluna Tik",859,"1,18,00,000","4,20,82,25,754","275","Entertainment",2014,NA,NA,NA
"Knowledge Tv हिन्दी",776,"1,25,00,000","1,44,66,64,137","1,041","People & Blogs",2014,NA,NA,NA
"KOMPASTV",778,"1,24,00,000","9,02,54,60,804","2,25,232","News & Politics",2013,"Indonesia",270203917,4.69
"Koo Koo TV - Hindi",879,"1,17,00,000","4,26,57,61,191","927","Education",2017,NA,NA,NA
"KSI",217,"2,39,00,000","5,89,81,02,699","1,242","Entertainment",2009,"United Kingdom",66834405,3.85
"Kuplinov ► Play",635,"1,39,00,000","5,77,80,34,318","6,400","Gaming",2012,NA,NA,NA
"Kurt Hugo Schneider",682,"1,34,00,000","3,65,96,13,327","681","Entertainment",2007,"United States",328239523,14.7
"Kurzgesagt – In a Nutshell",338,"1,90,00,000","2,05,22,93,685","161","Education",2013,NA,NA,NA
"Kwebbelkop",540,"1,49,00,000","6,65,54,75,239","4,951","Gaming",2008,"United States",328239523,14.7
"Kylie Jenner",836,"1,20,00,000","75,33,41,022","148","People & Blogs",2015,NA,NA,NA
"La Granja de Zenón",117,"3,15,00,000","22,80,88,79,757","558","Music",2013,NA,NA,NA
"La Rosa de Guadalupe",546,"1,48,00,000","8,34,96,95,433","5,225","Entertainment",2015,"Mexico",126014024,3.42
"Lachlan",550,"1,48,00,000","5,01,33,87,703","3,646","Gaming",2013,"Australia",25766605,5.27
"Lady Diana",753,"1,26,00,000","7,26,58,03,610","1,273","Entertainment",2016,"Ukraine",44385155,8.88
"Lady Gaga",255,"2,19,00,000","13,83,52,67,771","172","People & Blogs",2008,"United States",328239523,14.7
"Lahari Music | T-Series",539,"1,49,00,000","10,46,92,51,425","8,169","Music",2011,NA,NA,NA
"Lana Del Rey",827,"1,20,00,000","5,67,60,01,571","40","Music",2011,"United States",328239523,14.7
"LankyBox",315,"1,96,00,000","25,78,75,17,689","5,545","Comedy",2016,"United States",328239523,14.7
"Las Ratitas",201,"2,46,00,000","9,21,74,27,023","217","People & Blogs",2015,"nan",NA,NA
"LazarBeam",297,"2,01,00,000","8,38,99,82,773","1,258","Gaming",2015,"Australia",25766605,5.27
"League of Legends",548,"1,48,00,000","6,60,43,82,784","1,340","Gaming",2009,"United States",328239523,14.7
"LEGENDA FUNK",573,"1,46,00,000","1,31,05,44,121","2,250","Music",2013,"Brazil",212559417,12.08
"LEGO",537,"1,49,00,000","18,84,06,17,532","28,683","Entertainment",2005,"Singapore",5703569,4.11
"Lele Pons",385,"1,78,00,000","4,95,85,84,356","154","Comedy",2015,"United States",328239523,14.7
"Les' Copaque Production",462,"1,61,00,000","7,95,46,62,776","1,427","Film & Animation",2009,"Malaysia",32447385,3.32
"les boys tv2",560,"1,47,00,000","4,51,89,66,874","381","Entertainment",2017,"United States",328239523,14.7
"Like Nastya",9,"9,92,00,000","81,96,38,45,811","702","People & Blogs",2016,"Russia",144373535,4.59
"Like Nastya AE",249,"2,21,00,000","11,17,92,66,145","576","Entertainment",2018,"United States",328239523,14.7
"Like Nastya ESP",94,"3,36,00,000","15,93,49,57,738","630","Entertainment",2017,"United States",328239523,14.7
"Like Nastya IDN",527,"1,50,00,000","6,48,38,45,834","430","Entertainment",2019,"Indonesia",270203917,4.69
"Like Nastya PRT",277,"2,08,00,000","10,44,17,89,042","529","Entertainment",2019,"nan",NA,NA
"Like Nastya Show",58,"4,15,00,000","18,74,50,15,002","599","Entertainment",2017,"United States",328239523,14.7
"Like Nastya Stories",743,"1,27,00,000","6,05,57,81,883","389","Entertainment",2019,"United States",328239523,14.7
"Like Nastya Vlog",383,"1,78,00,000","7,56,19,33,732","397","People & Blogs",2016,"Russia",144373535,4.59
"Like Nastya VNM",528,"1,50,00,000","8,13,24,15,475","456","Entertainment",2019,"Vietnam",96462106,2.01
"Lil Nas X",350,"1,86,00,000","5,65,90,51,618","37","Music",2018,"nan",NA,NA
"Lil Pump",386,"1,78,00,000","4,09,11,09,829","59","Music",2015,"nan",NA,NA
"Lil Wayne",926,"1,13,00,000","5,33,57,86,775","254","Music",2013,NA,NA,NA
"Lilly Singh",570,"1,46,00,000","3,48,02,50,258","858","Comedy",2010,"Canada",36991981,5.56
"Lindsey Stirling",681,"1,34,00,000","3,53,36,80,308","172","Music",2007,"United States",328239523,14.7
"Linkin Park",325,"1,93,00,000","11,78,39,75,855","592","Music",2006,"Afghanistan",38041754,11.12
"Linus Tech Tips",564,"1,47,00,000","6,06,25,69,897","5,864","Science & Technology",2008,"Canada",36991981,5.56
"LipaoGamer",903,"1,15,00,000","3,83,72,27,706","10,901","Gaming",2011,NA,NA,NA
"Little Angel Español - Canciones Infantiles",395,"1,76,00,000","8,52,55,69,510","580","Education",2018,NA,NA,NA
"Little Angel: Nursery Rhymes & Kids Songs",160,"2,77,00,000","20,21,71,78,677","1,146","Education",2015,"United States",328239523,14.7
"Little Baby Bum - Nursery Rhymes & Kids Songs",66,"3,95,00,000","37,13,60,69,429","1,989","Education",2011,"United States",328239523,14.7
"Little Baby Bum en Español",798,"1,23,00,000","6,70,65,48,354","1,182","Education",2014,NA,NA,NA
"Little Mix",470,"1,60,00,000","7,04,79,68,268","278","Music",2011,"United Kingdom",66834405,3.85
"LIV Crime",594,"1,44,00,000","7,06,12,75,751","4,281","People & Blogs",2020,"United States",328239523,14.7
"Live",508,"1,53,00,000","0","0","",2015,"nan",NA,NA
"Liza Koshy",404,"1,74,00,000","2,59,55,54,113","189","Comedy",2013,"United States",328239523,14.7
"Lofi Girl",941,"1,12,00,000","1,31,17,26,533","328","Music",2015,"France",67059887,8.43
"Logan Paul",222,"2,35,00,000","5,88,91,89,870","712","Entertainment",2015,"United States",328239523,14.7
"Lokdhun Punjabi",770,"1,25,00,000","4,37,27,57,487","1,399","Music",2010,"India",1366417754,5.36
"LOKESH GAMER",522,"1,51,00,000","1,53,55,89,708","1,186","Gaming",2017,"India",1366417754,5.36
"LooLoo Kids - Nursery Rhymes and Children's Songs",40,"4,98,00,000","29,01,39,84,394","553","Music",2014,"nan",NA,NA
"LosPolinesios",186,"2,56,00,000","7,08,64,13,849","725","People & Blogs",2012,"Mexico",126014024,3.42
"LOUD",793,"1,24,00,000","2,30,55,94,041","1,126","Gaming",2019,"United States",328239523,14.7
"Luan Santana",878,"1,17,00,000","4,90,81,16,204","371","Music",2009,NA,NA,NA
"Lucas and Marcus",179,"2,61,00,000","7,94,27,66,503","968","Entertainment",2011,"United States",328239523,14.7
"LUCCAS NETO - LUCCAS TOON",71,"3,78,00,000","20,45,46,93,770","1,875","People & Blogs",2014,"nan",NA,NA
"Luis Fonsi",120,"3,09,00,000","14,48,08,46,921","121","Entertainment",2014,"nan",NA,NA
"LuisFonsiVEVO",415,"1,71,00,000","14,00,85,85,257","96","Music",2009,"United States",328239523,14.7
"Luisito Comunica",67,"3,92,00,000","7,69,12,60,396","1,119","Comedy",2012,"Mexico",126014024,3.42
"Luli Pampín",900,"1,15,00,000","6,10,26,48,062","225","Music",2012,NA,NA,NA
"Lulu99",847,"1,19,00,000","2,14,01,51,369","496","Entertainment",2015,NA,NA,NA
"luzugames",952,"1,12,00,000","1,97,81,38,747","2,882","Gaming",2013,NA,NA,NA
"Lyna",661,"1,36,00,000","5,80,11,99,256","4,452","Gaming",2014,"Argentina",44938712,9.79
"Lyrical Lemonade",310,"1,98,00,000","9,56,30,10,656","408","Entertainment",2013,"United States",328239523,14.7
"Machinima",871,"1,17,00,000","0","0","Film & Animation",2006,NA,NA,NA
"Magic Five",953,"1,12,00,000","1,75,35,89,438","405","Entertainment",2016,NA,NA,NA
"Maha Fun Tv",584,"1,45,00,000","2,38,51,90,008","51","Entertainment",2017,"United States",328239523,14.7
"MAIKI021",657,"1,37,00,000","1,89,38,20,151","2,919","Entertainment",2008,"Brazil",212559417,12.08
"MaJa Tv Moral Stories Fairy Tales",957,"1,11,00,000","4,13,22,13,251","449","Entertainment",2017,NA,NA,NA
"Major Lazer Official",566,"1,46,00,000","8,88,69,13,617","407","Music",2009,"nan",NA,NA
"Make Joke Of",904,"1,15,00,000","1,83,26,20,830","42","Comedy",2017,"India",1366417754,5.36
"Makiman131",531,"1,50,00,000","4,48,42,63,923","3,102","Gaming",2013,"Spain",47076781,13.96
"Maluma",143,"2,87,00,000","19,63,85,29,002","20","Music",2018,"Argentina",44938712,9.79
"MalumaVEVO",616,"1,41,00,000","17,90,50,81,262","168","Music",2011,"United States",328239523,14.7
"Manual do Mundo",443,"1,65,00,000","3,36,75,72,384","2,117","Howto & Style",2006,"Brazil",212559417,12.08
"Maria Clara & JP",103,"3,31,00,000","20,22,45,35,670","627","People & Blogs",2015,"Brazil",212559417,12.08
"Mariale",542,"1,49,00,000","2,56,84,93,946","1,918","Howto & Style",2010,"United States",328239523,14.7
"Marília Mendonça",195,"2,49,00,000","16,47,73,33,283","114","Music",2013,NA,NA,NA
"Mark Rober",244,"2,23,00,000","2,93,58,11,566","107","Science & Technology",2011,"United States",328239523,14.7
"Markiplier",99,"3,33,00,000","18,70,18,08,550","5,200","Gaming",2012,"United States",328239523,14.7
"Marmok",392,"1,77,00,000","3,13,19,25,799","344","Gaming",2008,"Russia",144373535,4.59
"Maroon 5",83,"3,60,00,000","20,83,86,66,788","163","Music",2006,"United States",328239523,14.7
"Maroon5VEVO",565,"1,46,00,000","18,91,73,03,323","143","Music",2009,"United States",328239523,14.7
"Marques Brownlee",480,"1,59,00,000","3,08,24,86,680","1,454","Science & Technology",2008,"United States",328239523,14.7
"Marshmello",29,"5,57,00,000","13,44,54,24,556","401","Entertainment",2015,"United States",328239523,14.7
"Marta and Rustam",942,"1,12,00,000","12,48,16,68,186","390","Comedy",2021,"United States",328239523,14.7
"Martin Garrix",593,"1,44,00,000","5,55,81,17,744","305","Music",2011,"United States",328239523,14.7
"Marvel Entertainment",319,"1,95,00,000","5,09,83,61,752","7,989","Entertainment",2005,"United States",328239523,14.7
"Más SKabeche",822,"1,21,00,000","2,74,60,45,885","632","Travel & Events",2015,NA,NA,NA
"Masha and The Bear",91,"3,51,00,000","19,42,66,54,260","935","Shows",2014,"United States",328239523,14.7
"Masha e o Urso",411,"1,72,00,000","7,13,18,16,532","856","Shows",2016,"nan",NA,NA
"Masha y el Oso",206,"2,43,00,000","11,00,62,09,206","840","Film & Animation",2016,"nan",NA,NA
"Matheus Yurley",704,"1,31,00,000","74,10,66,278","238","Entertainment",2015,"Brazil",212559417,12.08
"Matt Steffanina",719,"1,29,00,000","2,97,05,75,636","486","Entertainment",2011,"United States",328239523,14.7
"Matt Stonie",495,"1,57,00,000","3,24,91,62,653","401","Entertainment",2012,"United States",328239523,14.7
"MattyBRaps",571,"1,46,00,000","3,22,60,20,734","175","Music",2010,"United States",328239523,14.7
"Maya and Mary",432,"1,68,00,000","6,30,42,51,610","539","Entertainment",2013,"United States",328239523,14.7
"Maymo",930,"1,13,00,000","4,91,82,41,216","486","Pets & Animals",2006,NA,NA,NA
"Mazhavil Manorama",650,"1,37,00,000","13,82,21,77,908","70,454","Entertainment",2011,"India",1366417754,5.36
"MBC مصر",855,"1,18,00,000","7,78,48,93,932","40,608","Entertainment",2012,NA,NA,NA
"MC Divertida",915,"1,14,00,000","4,44,09,11,293","347","Entertainment",2018,"Brazil",212559417,12.08
"Meghan Trainor",779,"1,24,00,000","7,31,29,91,342","89","People & Blogs",2008,"United States",328239523,14.7
"melanie martinez",646,"1,38,00,000","3,83,59,68,267","96","Music",2007,"United States",328239523,14.7
"Melon City Show - برنامج ولاية بطيخ",785,"1,24,00,000","5,47,77,60,778","1,592","Comedy",2016,NA,NA,NA
"MiawAug",360,"1,82,00,000","5,23,63,02,709","3,287","Gaming",2014,"Indonesia",270203917,4.69
"Michael Jackson",182,"2,58,00,000","12,58,82,88,710","7","Music",2005,"United States",328239523,14.7
"Migos ATL",826,"1,20,00,000","6,37,09,82,440","100","Music",2012,"United States",328239523,14.7
"Mikecrack",96,"3,35,00,000","13,77,56,32,479","1,727","Gaming",2015,"Spain",47076781,13.96
"Miley Cyrus",455,"1,62,00,000","6,23,54,05,830","124","Entertainment",2009,"United States",328239523,14.7
"Minecraft - Topic",332,"1,91,00,000","0","0","",2013,"nan",NA,NA
"Mis Pastelitos",641,"1,39,00,000","2,38,22,68,150","534","Howto & Style",2014,"Mexico",126014024,3.42
"Miss Katy",240,"2,23,00,000","13,42,43,54,473","990","People & Blogs",2014,"United Kingdom",66834405,3.85
"MissaSinfonia",487,"1,58,00,000","1,91,87,77,559","232","Comedy",2011,"Mexico",126014024,3.42
"Mister Max",229,"2,31,00,000","14,76,24,69,807","1,046","People & Blogs",2014,"United Kingdom",66834405,3.85
"MK MUSIC",558,"1,47,00,000","7,77,30,89,325","4,624","Music",2010,"Brazil",212559417,12.08
"mmoshaya",254,"2,19,00,000","16,35,64,22,375","1,139","People & Blogs",2010,"Saudi Arabia",34268528,5.93
"MNCTV OFFICIAL",651,"1,37,00,000","7,39,48,53,164","54,722","Entertainment",2012,"Indonesia",270203917,4.69
"Mnet K-POP",309,"1,98,00,000","15,39,41,34,862","29,028","Entertainment",2006,"South Korea",51709098,4.15
"Mo Vlogs",971,"1,11,00,000","2,93,30,99,311","1,906","People & Blogs",2013,NA,NA,NA
"Mobile Legends: Bang Bang Official",585,"1,45,00,000","2,65,50,46,551","2,410","Gaming",2016,NA,NA,NA
"Mohamed Ramadan I محمد رمضان",611,"1,42,00,000","4,81,29,94,887","599","People & Blogs",2014,NA,NA,NA
"Mor Haryanvi",877,"1,17,00,000","5,76,86,86,721","402","Music",2015,NA,NA,NA
"MORGENSHTERN",863,"1,18,00,000","2,08,57,51,416","131","Music",2013,NA,NA,NA
"Morgz",894,"1,16,00,000","2,72,37,81,007","735","Gaming",2014,"United Kingdom",66834405,3.85
"Morphle TV",960,"1,11,00,000","7,58,65,26,902","1,126","Entertainment",2011,NA,NA,NA
"Mother Goose Club Playhouse",393,"1,76,00,000","15,50,03,99,390","1,282","Shows",2009,NA,NA,NA
"Movieclips",28,"5,76,00,000","58,83,98,19,120","39,202","Film & Animation",2006,"United States",328239523,14.7
"Mr Bean",124,"3,07,00,000","9,93,66,30,200","2,661","Shows",2006,"United Kingdom",66834405,3.85
"MR. INDIAN HACKER",168,"2,68,00,000","4,59,28,41,527","812","Science & Technology",2012,"India",1366417754,5.36
"MrBeast",7,"10,20,00,000","16,83,24,56,681","726","Entertainment",2012,"United States",328239523,14.7
"MrBeast en Español",282,"2,07,00,000","2,29,01,12,686","72","Entertainment",2021,NA,NA,NA
"MrBeast Gaming",152,"2,84,00,000","4,94,30,59,589","132","Gaming",2020,"nan",NA,NA
"MrBeast Shorts",554,"1,48,00,000","1,93,87,96,955","87","People & Blogs",2020,NA,NA,NA
"MrGear",860,"1,18,00,000","3,24,15,37,148","766","Science & Technology",2015,NA,NA,NA
"MrSuicideSheep",730,"1,28,00,000","6,72,29,61,376","3,212","Entertainment",2010,"Canada",36991981,5.56
"Mrwhosetheboss",974,"1,11,00,000","1,79,36,92,542","1,435","Science & Technology",2011,"United Kingdom",66834405,3.85
"MSA previously My Story Animated",701,"1,31,00,000","5,14,95,12,811","838","Film & Animation",2019,"United States",328239523,14.7
"mujjuu___14",603,"1,43,00,000","9,54,85,97,909","556","People & Blogs",2020,"nan",NA,NA
"Musas",517,"1,52,00,000","2,35,93,75,167","611","Howto & Style",2012,"Andorra",NA,NA
"Music",5,"11,60,00,000","0","0","",2013,"nan",NA,NA
"My Mate Nate",813,"1,22,00,000","2,74,86,16,115","981","Comedy",2014,"Thailand",69625582,0.75
"MyLifeAsEva",920,"1,14,00,000","1,53,42,78,655","326","Comedy",2011,NA,NA,NA
"MyMissAnand",691,"1,32,00,000","4,52,27,74,674","275","People & Blogs",2014,"India",1366417754,5.36
"Mythpat",815,"1,22,00,000","2,59,05,50,091","322","Entertainment",2018,NA,NA,NA
"Naisa Alifia Yuriza (N.A.Y)",387,"1,78,00,000","2,52,15,15,641","1,462","People & Blogs",2017,"Indonesia",270203917,4.69
"Narendra Modi",835,"1,20,00,000","2,26,53,82,511","17,104","News & Politics",2007,"India",1366417754,5.36
"Narins Beauty",683,"1,34,00,000","2,04,63,44,368","406","Howto & Style",2014,"Sweden",10285453,6.48
"Nat and Essie",876,"1,17,00,000","6,89,09,42,780","959","Film & Animation",2015,NA,NA,NA
"National Geographic",290,"2,04,00,000","5,19,95,19,260","9,854","Science & Technology",2006,"United States",328239523,14.7
"Natti Natasha",874,"1,17,00,000","7,26,43,01,648","130","Music",2015,NA,NA,NA
"Naz | ناز",881,"1,17,00,000","2,00,28,97,892","917","People & Blogs",2016,NA,NA,NA
"NBA",340,"1,89,00,000","10,79,18,51,871","42,086","Sports",2005,"United States",328239523,14.7
"NDTV",831,"1,20,00,000","4,51,02,36,068","1,26,906","Entertainment",2006,"India",1366417754,5.36
"NDTV India",559,"1,47,00,000","5,64,74,81,648","65,241","News & Politics",2008,"India",1366417754,5.36
"Neha Kakkar",670,"1,35,00,000","1,79,27,57,553","122","Music",2012,"India",1366417754,5.36
"netd müzik",234,"2,28,00,000","50,65,89,27,334","20,482","Music",2014,NA,NA,NA
"Netflix",208,"2,43,00,000","5,67,88,34,326","5,650","Entertainment",2012,"United States",328239523,14.7
"Netflix India",346,"1,87,00,000","5,22,87,00,571","2,707","People & Blogs",2016,"nan",NA,NA
"Netflix Jr.",875,"1,17,00,000","7,31,46,74,893","1,563","Education",2012,"United States",328239523,14.7
"News",82,"3,62,00,000","0","0","",2013,"nan",NA,NA
"News18 India",582,"1,45,00,000","5,06,98,17,134","1,20,858","News & Politics",2007,"India",1366417754,5.36
"News24",501,"1,55,00,000","5,98,24,43,648","1,57,377","News & Politics",2014,NA,NA,NA
"Niana Guerrero",555,"1,48,00,000","1,35,90,23,136","391","Entertainment",2013,"Philippines",108116615,2.15
"NichLmao",653,"1,37,00,000","7,26,92,91,992","562","People & Blogs",2018,"nan",NA,NA
"Nick Jr.",192,"2,51,00,000","20,69,16,84,541","4,712","Film & Animation",2012,"United States",328239523,14.7
"Nicki Minaj",202,"2,45,00,000","9,38,64,90,086","31","Music",2013,"United States",328239523,14.7
"NickiMinajAtVEVO",742,"1,27,00,000","8,36,70,47,990","93","Music",2010,"United States",328239523,14.7
"NickyJamTV",230,"2,31,00,000","15,05,07,18,616","328","Music",2012,"nan",NA,NA
"nigahiga",267,"2,12,00,000","4,35,74,16,327","403","Entertainment",2006,"United States",328239523,14.7
"NikkieTutorials",642,"1,39,00,000","1,56,27,68,226","852","Howto & Style",2008,"Netherlands",17332850,3.2
"Ninja",220,"2,39,00,000","2,44,70,87,199","1,418","Gaming",2011,"United States",328239523,14.7
"Ninja Kidz TV",345,"1,87,00,000","9,14,54,85,770","267","Entertainment",2017,"United States",328239523,14.7
"NishaMadhulika",721,"1,29,00,000","2,63,98,85,987","1,931","Howto & Style",2009,"India",1366417754,5.36
"NMF News",568,"1,46,00,000","6,09,08,40,731","95,987","News & Politics",2013,"India",1366417754,5.36
"NOBRU",649,"1,37,00,000","22,51,91,097","344","Gaming",2016,"nan",NA,NA
"NoCopyrightSounds",108,"3,27,00,000","10,43,68,81,173","1,116","Music",2011,"United Kingdom",66834405,3.85
"Noor Stars",320,"1,95,00,000","2,54,58,86,796","627","Comedy",2014,"United Arab Emirates",9770529,2.35
"NORMAN FAIT DES VIDÉOS",832,"1,20,00,000","2,68,17,55,121","205","Comedy",2011,NA,NA,NA
"O Canal do Joãozinho - Little Angel Português",627,"1,40,00,000","7,75,21,54,061","649","Entertainment",2018,NA,NA,NA
"O Que Não Dizer Oficial",723,"1,29,00,000","1,63,68,14,649","511","Comedy",2015,NA,NA,NA
"O Reino Infantil",715,"1,29,00,000","9,53,94,35,945","1,055","Music",2014,"Brazil",212559417,12.08
"Official Pink Panther",358,"1,83,00,000","9,94,21,33,522","629","Film & Animation",2013,"United States",328239523,14.7
"officialpsy",401,"1,74,00,000","9,82,52,92,199","119","Music",2010,"South Korea",51709098,4.15
"OGGY",995,"1,09,00,000","5,58,91,04,660","920","Film & Animation",2014,NA,NA,NA
"One Direction",75,"3,74,00,000","12,69,89,61,117","157","Music",2010,"United States",328239523,14.7
"one31",92,"3,44,00,000","26,96,91,65,355","1,28,901","Entertainment",2013,NA,NA,NA
"OneDirectionVEVO",252,"2,20,00,000","11,55,04,10,746","266","Music",2010,"United Kingdom",66834405,3.85
"Oyuncak Avı",511,"1,52,00,000","8,08,53,87,780","544","Entertainment",2014,NA,NA,NA
"OYUNCAKOYNUYORUM",992,"1,09,00,000","9,94,84,74,904","791","Entertainment",2016,NA,NA,NA
"Ozuna",90,"3,52,00,000","21,04,84,40,606","137","Music",2016,"nan",NA,NA
"P!NK",896,"1,15,00,000","7,21,19,13,487","13","Music",2006,NA,NA,NA
"Panda",834,"1,20,00,000","2,00,45,84,036","1,408","",2018,"United Kingdom",66834405,3.85
"Parafernalha",771,"1,25,00,000","4,54,78,22,776","1,498","Entertainment",2011,"Brazil",212559417,12.08
"Pari's Lifestyle",965,"1,11,00,000","6,68,07,03,649","356","People & Blogs",2018,"India",1366417754,5.36
"Pastor Antônio Júnior",955,"1,12,00,000","1,64,62,48,092","3,624","People & Blogs",2013,NA,NA,NA
"Paulo Londra",257,"2,17,00,000","7,06,14,42,001","52","Music",2016,"Argentina",44938712,9.79
"PDK Films",372,"1,81,00,000","3,91,03,30,714","108","Entertainment",2009,"United States",328239523,14.7
"Pen Movies",266,"2,12,00,000","5,58,86,48,749","1,569","Film & Animation",2014,"India",1366417754,5.36
"Pencilmation",311,"1,98,00,000","10,84,92,11,839","1,153","Film & Animation",2007,"United States",328239523,14.7
"penguinz0",963,"1,11,00,000","5,76,87,85,195","3,952","Gaming",2007,"United States",328239523,14.7
"Pentatonix",313,"1,97,00,000","5,69,43,27,707","235","Music",2011,"Canada",36991981,5.56
"People Vs Food",796,"1,24,00,000","95,96,16,512","384","Entertainment",2013,"United States",328239523,14.7
"Peppa Pig - Official Channel",153,"2,82,00,000","21,00,83,28,965","2,020","Film & Animation",2013,"United Kingdom",66834405,3.85
"Peppa Pig em Português Brasil - Canal Oficial",801,"1,23,00,000","3,80,78,10,342","1,066","Film & Animation",2014,NA,NA,NA
"Peppa Pig Español Latino - Canal Oficial",263,"2,15,00,000","6,96,10,98,158","949","Film & Animation",2014,NA,NA,NA
"PewDiePie",6,"11,10,00,000","28,46,94,58,228","4,497","Gaming",2010,"Japan",126226568,2.29
"Pinkfong Baby Shark - Kids' Songs & Stories",25,"5,94,00,000","32,10,72,90,522","2,374","Education",2011,"United States",328239523,14.7
"Pitbull",490,"1,57,00,000","11,45,81,30,113","302","Music",2006,"United States",328239523,14.7
"Piuzinho",795,"1,24,00,000","1,02,29,59,848","463","Gaming",2015,"Brazil",212559417,12.08
"Planet Earth INDIA",848,"1,19,00,000","1,72,27,95,279","630","People & Blogs",2011,NA,NA,NA
"Planeta das Gêmeas",562,"1,47,00,000","4,46,87,74,867","899","People & Blogs",2015,NA,NA,NA
"PlayHard",669,"1,35,00,000","1,92,65,32,344","2,138","Gaming",2014,NA,NA,NA
"PlayStation",604,"1,43,00,000","4,23,05,72,281","17,878","Gaming",2005,"United States",328239523,14.7
"POCOYÓ en ESPAÑOL - Canal Oficial",925,"1,13,00,000","8,38,88,40,225","1,538","Film & Animation",2007,NA,NA,NA
"Pop Chartbusters",497,"1,56,00,000","7,81,79,83,360","2,154","Music",2011,"India",1366417754,5.36
"POPS Kids",525,"1,50,00,000","8,67,84,92,072","4,478","Music",2014,"Vietnam",96462106,2.01
"Popular on YouTube",138,"2,94,00,000","0","0","",2013,"nan",NA,NA
"PopularMMOs",409,"1,72,00,000","14,47,57,83,059","4,686","Gaming",2012,"nan",NA,NA
"Porta dos Fundos",403,"1,74,00,000","7,25,88,38,590","1,960","Entertainment",2012,"Brazil",212559417,12.08
"Post Malone",210,"2,42,00,000","12,49,23,13,399","51","Music",2011,"United States",328239523,14.7
"PowerfulJRE",737,"1,28,00,000","2,26,66,40,311","765","People & Blogs",2013,"United States",328239523,14.7
"PowerKids TV",151,"2,84,00,000","14,32,28,75,759","2,509","Film & Animation",2014,"nan",NA,NA
"Prajapati News",452,"1,63,00,000","90,79,65,523","1,081","Comedy",2013,"India",1366417754,5.36
"Preston",278,"2,08,00,000","6,95,58,97,177","3,861","Gaming",2012,"United States",328239523,14.7
"PrestonPlayz",692,"1,32,00,000","4,65,50,09,420","694","Gaming",2018,"United States",328239523,14.7
"Quantum Tech HD",935,"1,13,00,000","3,59,41,22,308","392","Science & Technology",2015,"Pakistan",216565318,4.45
"Queen Official",460,"1,61,00,000","9,72,35,39,941","908","Music",2008,"United Kingdom",66834405,3.85
"Rafa & Luiz",423,"1,70,00,000","6,27,33,15,738","2,184","Entertainment",2015,"Brazil",212559417,12.08
"Raffy Tulfo in Action",216,"2,39,00,000","12,79,71,89,774","8,755","News & Politics",2016,"Philippines",108116615,2.15
"Rajshri",129,"3,03,00,000","13,28,75,06,122","3,739","Music",2006,"India",1366417754,5.36
"Rans Entertainment",213,"2,40,00,000","5,68,82,77,632","3,060","People & Blogs",2015,"Indonesia",270203917,4.69
"Ranz Kyle",534,"1,50,00,000","1,67,85,59,984","479","People & Blogs",2008,"Philippines",108116615,2.15
"RaptorGamer",833,"1,20,00,000","2,52,28,09,876","1,207","People & Blogs",2016,"Ecuador",17373662,3.97
"Rauw Alejandro",853,"1,18,00,000","9,23,29,20,975","114","Music",2014,"nan",NA,NA
"Ray William Johnson",732,"1,28,00,000","6,68,20,31,898","1,354","Entertainment",2008,"United States",328239523,14.7
"Rclbeauty101",596,"1,44,00,000","3,91,95,24,704","478","Comedy",2010,"United States",328239523,14.7
"RCTI - LAYAR DRAMA INDONESIA",509,"1,53,00,000","12,81,86,89,835","58,886","Entertainment",2015,"nan",NA,NA
"REACT",296,"2,01,00,000","12,94,07,02,514","3,885","Entertainment",2007,"United States",328239523,14.7
"Reaction Time",551,"1,48,00,000","4,25,55,91,418","1,684","Entertainment",2015,"United States",328239523,14.7
"Rebecca Zamolo",772,"1,25,00,000","4,74,75,33,461","856","Comedy",2011,"United States",328239523,14.7
"RedeTV",728,"1,28,00,000","8,36,67,17,082","36,800","Entertainment",2011,"Brazil",212559417,12.08
"Renato Garcia",189,"2,54,00,000","6,90,13,20,769","3,648","Entertainment",2011,NA,NA,NA
"Republic Bharat",891,"1,16,00,000","5,04,15,39,626","49,789","News & Politics",2019,"India",1366417754,5.36
"rezendeevil",136,"2,96,00,000","12,59,93,47,383","11,571","Gaming",2012,"Brazil",212559417,12.08
"Ricis Official",127,"3,05,00,000","5,13,44,50,983","2,003","People & Blogs",2016,"Indonesia",270203917,4.69
"Rihanna",65,"3,96,00,000","20,09,21,28,845","79","Entertainment",2005,"Barbados",287025,10.33
"RihannaVEVO",191,"2,52,00,000","18,08,96,77,017","106","Music",2009,"United States",328239523,14.7
"RKD Studios",471,"1,60,00,000","4,13,32,34,619","622","Entertainment",2014,"India",1366417754,5.36
"Robin Hood Gamer",333,"1,91,00,000","9,32,82,09,625","3,750","Entertainment",2014,"nan",NA,NA
"RobleisIUTU",413,"1,72,00,000","4,68,05,73,231","1,145","Entertainment",2013,"Argentina",44938712,9.79
"Roman Atwood Vlogs",502,"1,55,00,000","5,44,20,36,950","1,726","People & Blogs",2013,"United States",328239523,14.7
"Romeo Santos",322,"1,94,00,000","14,81,95,98,563","28","Music",2005,"United States",328239523,14.7
"Rosanna Pansino",647,"1,38,00,000","4,05,70,54,946","1,007","Howto & Style",2010,"United States",328239523,14.7
"Rotana",302,"2,00,00,000","16,48,09,38,259","8,109","Music",2012,"nan",NA,NA
"Rotten Tomatoes Trailers",489,"1,57,00,000","12,81,19,81,848","9,582","Film & Animation",2011,"United States",328239523,14.7
"Round2hell",165,"2,71,00,000","2,86,24,22,681","67","Comedy",2016,"India",1366417754,5.36
"RsiamMusic : อาร์สยาม",394,"1,76,00,000","10,95,21,54,122","2,663","Music",2011,NA,NA,NA
"Rubius Z",882,"1,17,00,000","1,82,82,00,652","429","Comedy",2006,NA,NA,NA
"Ryan's World",105,"3,29,00,000","51,72,17,34,476","2,198","Entertainment",2015,"United States",328239523,14.7
"Saad Lamjarred | سعد لمجرد",639,"1,39,00,000","3,93,12,02,248","156","Music",2012,NA,NA,NA
"SAAIHALILINTAR",762,"1,26,00,000","1,10,43,29,570","405","Entertainment",2012,"Indonesia",270203917,4.69
"SAM SMITH",526,"1,50,00,000","8,76,90,75,543","67","Music",2012,"United Kingdom",66834405,3.85
"Sandeep Maheshwari",215,"2,40,00,000","1,82,11,64,544","513","People & Blogs",2012,"Singapore",5703569,4.11
"Sandra Cires Art",456,"1,62,00,000","3,70,21,73,328","953","Howto & Style",2011,"United States",328239523,14.7
"Saregama Music",134,"2,97,00,000","12,14,78,94,890","5,718","Entertainment",2013,"India",1366417754,5.36
"Saturday Night Live",706,"1,30,00,000","13,58,12,31,885","7,996","Entertainment",2013,"United States",328239523,14.7
"SBT",892,"1,16,00,000","3,37,50,80,065","25,710","Comedy",2008,NA,NA,NA
"SCTV",388,"1,77,00,000","8,58,83,29,369","50,080","Entertainment",2011,"United Kingdom",66834405,3.85
"Sebastián Yatra",400,"1,74,00,000","9,31,69,25,082","196","News & Politics",2013,NA,NA,NA
"Selena Gomez",121,"3,09,00,000","11,58,31,01,067","182","Film & Animation",2008,"United States",328239523,14.7
"SelenaGomezVEVO",574,"1,45,00,000","10,32,35,89,482","183","Music",2009,"United States",328239523,14.7
"Sesame Street",232,"2,29,00,000","21,07,81,77,585","3,425","Entertainment",2006,"United States",328239523,14.7
"SET India",4,"13,90,00,000","1,25,76,42,52,686","91,271","Shows",2006,"India",1366417754,5.36
"Shakira",76,"3,72,00,000","23,71,56,69,906","287","People & Blogs",2005,"Colombia",50339443,9.71
"shakiraVEVO",356,"1,84,00,000","22,25,73,41,033","189","Music",2009,"United States",328239523,14.7
"shane",318,"1,96,00,000","4,26,91,73,489","566","People & Blogs",2005,"United States",328239523,14.7
"Shawn Mendes",137,"2,95,00,000","11,74,24,31,673","132","Music",2011,"Canada",36991981,5.56
"Shemaroo",64,"3,97,00,000","20,48,94,29,972","9,707","Entertainment",2007,"India",1366417754,5.36
"Shemaroo Comedy",449,"1,63,00,000","4,92,34,11,314","3,467","Entertainment",2007,"India",1366417754,5.36
"Shemaroo Filmi Gaane",24,"6,13,00,000","28,57,99,45,247","7,884","Music",2010,"India",1366417754,5.36
"Shemaroo Movies",231,"2,30,00,000","5,59,05,54,837","2,155","Entertainment",2011,"India",1366417754,5.36
"shfa",84,"3,59,00,000","19,08,33,55,034","847","People & Blogs",2015,"Saudi Arabia",34268528,5.93
"shfa2 - شفا",86,"3,58,00,000","20,81,65,32,667","1,351","People & Blogs",2017,NA,NA,NA
"Sia",260,"2,16,00,000","12,15,02,26,022","144","Music",2007,"United States",328239523,14.7
"Sidemen",464,"1,61,00,000","4,19,60,33,350","264","Entertainment",2015,"United Kingdom",66834405,3.85
"Sidhu Moose Wala",458,"1,62,00,000","4,07,83,30,367","111","Music",2017,"India",1366417754,5.36
"Simone e Simaria",931,"1,13,00,000","4,47,45,48,691","224","Music",2012,NA,NA,NA
"Single Track Studio",932,"1,13,00,000","4,46,25,80,470","1,719","Entertainment",2010,NA,NA,NA
"SIS vs BRO",610,"1,42,00,000","6,76,78,38,159","357","Entertainment",2016,"Ukraine",44385155,8.88
"Skrillex",301,"2,00,00,000","6,30,75,39,008","180","Music",2010,"United States",328239523,14.7
"Sky Does Everything",968,"1,11,00,000","3,82,38,68,578","2,101","Music",2011,NA,NA,NA
"SlivkiShow",304,"2,00,00,000","4,34,52,34,891","426","Entertainment",2012,"Ukraine",44385155,8.88
"Smile Family",253,"2,20,00,000","8,26,14,68,075","413","People & Blogs",2018,"France",67059887,8.43
"Smile Family Spanish",506,"1,54,00,000","5,53,40,75,089","343","",2019,"United States",328239523,14.7
"SMOL",727,"1,28,00,000","13,06,70,20,729","1,960","People & Blogs",2021,"nan",NA,NA
"Smosh",193,"2,50,00,000","10,18,40,35,967","1,366","Comedy",2005,"United States",328239523,14.7
"SMTOWN",123,"3,08,00,000","25,20,30,04,950","3,951","Music",2006,"nan",NA,NA
"SOMOY TV",453,"1,62,00,000","9,47,68,95,180","1,24,072","News & Politics",2015,"United States",328239523,14.7
"Sonotek",359,"1,83,00,000","7,13,32,40,982","8,169","Entertainment",2011,"India",1366417754,5.36
"Sonotek Bhakti",845,"1,19,00,000","3,66,15,72,976","7,428","Entertainment",2010,"India",1366417754,5.36
"Sony AATH",454,"1,62,00,000","10,71,88,91,416","14,759","Shows",2013,"United States",328239523,14.7
"Sony Music India",36,"5,24,00,000","24,85,66,41,898","3,180","Music",2009,"India",1366417754,5.36
"Sony Music South",783,"1,24,00,000","7,03,60,27,389","1,574","Music",2014,"India",1366417754,5.36
"Sony PAL",107,"3,27,00,000","23,51,94,52,138","19,383","Shows",2014,"India",1366417754,5.36
"Sony SAB",18,"7,06,00,000","82,47,35,81,441","56,295","Shows",2007,"India",1366417754,5.36
"SonyMusicIndiaVEVO",55,"4,27,00,000","23,99,14,11,417","3,309","Music",2009,"United States",328239523,14.7
"SonyMusicSouthVEVO",444,"1,64,00,000","15,09,05,57,603","4,304","Music",2014,"United States",328239523,14.7
"Sourav Joshi Vlogs",441,"1,65,00,000","5,97,08,49,535","1,039","People & Blogs",2019,"nan",NA,NA
"Speed Records",61,"4,08,00,000","24,55,81,72,214","10,327","Music",2012,"India",1366417754,5.36
"Spinnin' Records",135,"2,96,00,000","20,07,53,86,002","10,826","Music",2007,"Netherlands",17332850,3.2
"Sports",16,"7,51,00,000","0","0","",2013,"United States",328239523,14.7
"SQUEEZIE",410,"1,72,00,000","9,25,86,09,822","1,471","Gaming",2011,"France",67059887,8.43
"SR Toys Collection",788,"1,24,00,000","4,00,76,64,795","984","Entertainment",2012,NA,NA,NA
"SriBalajiMovies",510,"1,52,00,000","8,19,96,71,601","16,953","Entertainment",2011,"India",1366417754,5.36
"SRK MUSIC",698,"1,31,00,000","5,68,06,52,976","4,895","Music",2012,"India",1366417754,5.36
"SSSniperWolf",109,"3,25,00,000","20,58,39,22,757","3,095","Gaming",2013,"United States",328239523,14.7
"SSundee",270,"2,10,00,000","12,02,27,08,572","3,067","Gaming",2009,"United States",328239523,14.7
"Star Casablanca | نجوم الدار البيضاء",928,"1,13,00,000","5,12,90,31,730","998","Music",2015,NA,NA,NA
"StarPlus",298,"2,01,00,000","12,11,65,51,500","12,702","Entertainment",2006,"India",1366417754,5.36
"Stokes Twins",533,"1,50,00,000","2,77,48,75,062","216","People & Blogs",2008,"United States",328239523,14.7
"Stubborn Facts",408,"1,73,00,000","82,77,86,482","217","Film & Animation",2016,"India",1366417754,5.36
"StudyIQ IAS",774,"1,25,00,000","2,94,03,12,253","34,843","Education",2015,"India",1366417754,5.36
"Sun TV",344,"1,87,00,000","13,62,29,98,578","34,648","People & Blogs",2016,"India",1366417754,5.36
"Super JoJo - Nursery Rhymes & Kids Songs",203,"2,44,00,000","83,17,18,833","61","",2019,"United States",328239523,14.7
"Super Polina",595,"1,44,00,000","4,81,21,87,551","539","People & Blogs",2014,"United States",328239523,14.7
"Super Senya",549,"1,48,00,000","4,79,01,99,895","525","Entertainment",2016,"nan",NA,NA
"Super Simple Songs - Kids Songs",88,"3,53,00,000","37,44,08,73,935","600","Education",2006,"Canada",36991981,5.56
"SUPER SLICK SLIME SAM",417,"1,71,00,000","6,07,84,66,417","741","Howto & Style",2018,"Mexico",126014024,3.42
"T-Series",1,"22,20,00,000","1,98,45,90,90,822","17,317","Music",2006,"India",1366417754,5.36
"T-Series Apna Punjab",110,"3,23,00,000","18,93,34,92,606","6,524","Music",2011,"nan",NA,NA
"T-Series Bhakti Sagar",35,"5,25,00,000","24,27,85,76,197","23,870","Music",2011,"India",1366417754,5.36
"T-Series Hamaar Bhojpuri",731,"1,28,00,000","6,33,49,67,135","9,347","Entertainment",2011,"India",1366417754,5.36
"T-Series Regional",754,"1,26,00,000","5,16,92,03,026","15,573","Entertainment",2011,"India",1366417754,5.36
"T3ddy",516,"1,52,00,000","2,52,85,66,554","1,700","Comedy",2012,"Brazil",212559417,12.08
"Taarak Mehta Ka Ooltah Chashmah",632,"1,39,00,000","8,04,82,10,407","2,519","Entertainment",2014,"India",1366417754,5.36
"Talking Angela",790,"1,24,00,000","3,28,48,97,861","204","Entertainment",2014,"United Kingdom",66834405,3.85
"Talking Tom",158,"2,80,00,000","13,90,84,82,957","447","Comedy",2010,"United States",328239523,14.7
"Talking Tom & Friends",541,"1,49,00,000","6,17,87,35,188","392","Entertainment",2010,"United States",328239523,14.7
"tanboy kun",457,"1,62,00,000","3,02,02,72,233","582","People & Blogs",2016,"Indonesia",270203917,4.69
"Tasty",271,"2,10,00,000","5,50,84,45,771","4,310","Howto & Style",2016,"United States",328239523,14.7
"Taylor RS",989,"1,10,00,000","3,30,65,02,621","1,845","Gaming",2016,NA,NA,NA
"Taylor Swift",42,"4,71,00,000","25,56,37,95,998","189","Music",2006,"United States",328239523,14.7
"TaylorSwiftVEVO",183,"2,58,00,000","23,27,65,97,783","239","Music",2009,"United States",328239523,14.7
"TazerCraft",662,"1,36,00,000","5,32,54,54,303","3,977","Gaming",2011,"Brazil",212559417,12.08
"Team Films Bhojpuri",590,"1,44,00,000","6,16,45,27,861","20,085","Music",2014,"India",1366417754,5.36
"Technical Guruji",246,"2,22,00,000","3,06,52,04,553","4,609","Science & Technology",2015,"India",1366417754,5.36
"Techno Gamerz",156,"2,81,00,000","7,19,31,72,591","839","Gaming",2017,"nan",NA,NA
"Technoblade",523,"1,51,00,000","1,48,86,92,745","988","Gaming",2013,"United States",328239523,14.7
"Technology Gyan",870,"1,18,00,000","92,09,96,435","924","Science & Technology",2015,"India",1366417754,5.36
"TED",259,"2,17,00,000","2,37,03,80,465","4,005","People & Blogs",2006,"United States",328239523,14.7
"TED-Ed",407,"1,73,00,000","3,28,78,34,094","1,948","Education",2011,"United States",328239523,14.7
"TEDx Talks",85,"3,59,00,000","6,66,03,97,688","1,85,006","Nonprofits & Activism",2009,"United States",328239523,14.7
"Tekashi 6ix9ine",291,"2,04,00,000","5,32,51,95,339","25","People & Blogs",2018,"United States",328239523,14.7
"Telemundo",675,"1,34,00,000","7,85,53,26,888","18,325","Entertainment",2007,"United States",328239523,14.7
"Tfue",866,"1,18,00,000","1,46,15,46,183","741","Gaming",2014,NA,NA,NA
"Thairath Online",577,"1,45,00,000","11,99,59,15,981","2,09,097","News & Politics",2010,"Thailand",69625582,0.75
"That Little Puff",750,"1,26,00,000","10,76,83,65,983","542","Pets & Animals",2020,"United States",328239523,14.7
"The ACE Family",342,"1,88,00,000","4,49,72,82,091","668","People & Blogs",2016,"nan",NA,NA
"The Chainsmokers",241,"2,23,00,000","13,33,78,15,978","237","Music",2012,"United States",328239523,14.7
"The Dodo",806,"1,22,00,000","7,90,84,28,418","6,993","Pets & Animals",2014,"nan",NA,NA
"The Film Theorists",972,"1,11,00,000","2,24,28,92,562","355","Film & Animation",2014,NA,NA,NA
"The Game Theorists",465,"1,61,00,000","3,54,64,90,692","659","Gaming",2009,"Australia",25766605,5.27
"The Infographics Show",839,"1,19,00,000","4,34,91,05,305","3,445","Education",2011,"United States",328239523,14.7
"The LaBrant Fam",699,"1,31,00,000","4,60,62,44,054","586","Comedy",2012,"United States",328239523,14.7
"The Lallantop",245,"2,22,00,000","8,15,53,35,430","39,370","News & Politics",2015,"India",1366417754,5.36
"The Late Late Show with James Corden",159,"2,79,00,000","9,99,62,99,350","5,422","Entertainment",2006,"United States",328239523,14.7
"The MriDul",709,"1,30,00,000","3,54,57,74,062","96","Comedy",2015,"India",1366417754,5.36
"The Q",702,"1,31,00,000","4,06,44,73,466","276","People & Blogs",2017,"United States",328239523,14.7
"The Royalty Family",366,"1,82,00,000","4,49,00,04,408","633","People & Blogs",2017,"United States",328239523,14.7
"The Shiny Peanut",720,"1,29,00,000","2,83,97,59,455","2,331","Education",2016,"Indonesia",270203917,4.69
"The Slow Mo Guys",600,"1,44,00,000","2,34,65,92,288","297","Entertainment",2010,"United States",328239523,14.7
"The Tonight Show Starring Jimmy Fallon",132,"2,99,00,000","16,00,62,40,303","7,897","Comedy",2006,"United States",328239523,14.7
"The Viral Fever",940,"1,12,00,000","1,65,63,01,737","433","Entertainment",2011,NA,NA,NA
"The Weeknd",142,"2,91,00,000","19,28,08,16,380","123","Music",2011,"Canada",36991981,5.56
"The World Adventures हिन्दी",668,"1,35,00,000","2,11,60,09,610","854","People & Blogs",2016,NA,NA,NA
"TheBrianMaps",442,"1,65,00,000","4,09,02,89,417","476","Comedy",2012,"Russia",144373535,4.59
"TheDonato",163,"2,72,00,000","5,09,41,42,687","2,491","Entertainment",2015,"Argentina",44938712,9.79
"TheEllenShow",70,"3,83,00,000","22,33,55,50,787","14,404","Entertainment",2006,"United States",328239523,14.7
"TheGrefg",390,"1,77,00,000","6,07,78,20,746","3,332","Gaming",2012,"Spain",47076781,13.96
"TheOdd1sOut",376,"1,80,00,000","4,02,34,96,321","113","Comedy",2014,"United States",328239523,14.7
"theRadBrad",697,"1,31,00,000","5,79,11,29,136","7,672","Gaming",2006,"United States",328239523,14.7
"TheRichest",521,"1,51,00,000","2,91,92,03,136","2,206","Education",2014,"United States",328239523,14.7
"TheWillyrex",353,"1,85,00,000","6,95,73,19,094","6,798","Comedy",2011,"Spain",47076781,13.96
"Think Music India",808,"1,22,00,000","8,95,92,85,840","3,931","Music",2009,"India",1366417754,5.36
"Tiana",934,"1,13,00,000","3,17,64,86,598","997","Entertainment",2015,NA,NA,NA
"Tilak",498,"1,56,00,000","6,13,25,15,137","3,614","Film & Animation",2020,"India",1366417754,5.36
"Timba Vk",862,"1,18,00,000","2,53,82,54,830","890","Gaming",2012,"Spain",47076781,13.96
"Tips Official",34,"5,28,00,000","27,88,30,80,973","3,612","Music",2007,"India",1366417754,5.36
"TKOR",758,"1,26,00,000","3,33,77,53,407","1,430","Education",2010,"nan",NA,NA
"Tlnovelas",312,"1,97,00,000","12,77,64,98,114","29,574","News & Politics",2013,"Mexico",126014024,3.42
"TommyInnit",865,"1,18,00,000","1,59,02,38,217","289","Gaming",2015,"United Kingdom",66834405,3.85
"Top Viral Talent",744,"1,27,00,000","6,50,33,69,315","2,282","Entertainment",2014,"United States",328239523,14.7
"Total Gaming",102,"3,32,00,000","5,93,54,40,954","1,894","Gaming",2018,"nan",NA,NA
"Totoy kids - Español",613,"1,42,00,000","4,53,30,34,236","167","Film & Animation",2017,NA,NA,NA
"Totoy kids - Português",314,"1,97,00,000","3,82,64,74,945","174","Film & Animation",2014,NA,NA,NA
"toycantando",184,"2,58,00,000","13,94,82,16,340","496","Music",2009,"Colombia",50339443,9.71
"toyorbabytv",316,"1,96,00,000","13,97,88,92,435","1,057","Music",2012,"Jordan",10101694,14.72
"ToypuddingTV",170,"2,66,00,000","15,57,09,02,183","2,579","Entertainment",2014,NA,NA,NA
"Toys and Colors",80,"3,65,00,000","40,93,25,80,174","821","Entertainment",2016,"nan",NA,NA
"Toys Make Me Smile",948,"1,12,00,000","4,56,28,54,224","102","Entertainment",2015,NA,NA,NA
"ToysPlay",964,"1,11,00,000","7,00,03,33,135","397","Entertainment",2015,NA,NA,NA
"Trakin Tech",824,"1,21,00,000","1,80,99,01,493","3,285","Science & Technology",2011,"India",1366417754,5.36
"TRANS TV Official",469,"1,60,00,000","8,78,09,37,851","1,23,467","Entertainment",2014,"Indonesia",270203917,4.69
"TRANS7 OFFICIAL",226,"2,33,00,000","12,45,46,76,964","78,951","Entertainment",2014,"Indonesia",270203917,4.69
"Trap City",612,"1,42,00,000","4,88,51,63,357","2,554","Music",2012,"Australia",25766605,5.27
"Trap Nation",128,"3,04,00,000","13,34,86,94,779","2,472","Music",2012,"United States",328239523,14.7
"TrapMusicHDTV",997,"1,09,00,000","4,07,05,21,973","690","Music",2013,NA,NA,NA
"Travis Scott",461,"1,61,00,000","7,18,70,33,169","13","Music",2013,"United States",328239523,14.7
"Triggered Insaan",437,"1,67,00,000","2,65,74,91,028","265","Comedy",2014,"India",1366417754,5.36
"Troom Troom",227,"2,32,00,000","9,79,75,81,328","1,992","Howto & Style",2015,"United States",328239523,14.7
"Troom Troom Es",327,"1,92,00,000","7,13,94,76,227","2,591","People & Blogs",2016,"nan",NA,NA
"Troom Troom India",810,"1,22,00,000","6,30,83,97,105","2,070","Howto & Style",2015,"nan",NA,NA
"Troom Troom Indonesia",837,"1,19,00,000","5,01,28,30,809","1,568","People & Blogs",2019,"nan",NA,NA
"Troom Troom PT",800,"1,23,00,000","4,21,95,67,300","2,430","Howto & Style",2015,"nan",NA,NA
"TRT Originals Urdu",349,"1,86,00,000","7,37,01,03,100","740","Entertainment",2020,NA,NA,NA
"TsMadaan",868,"1,18,00,000","1,32,90,92,064","1,687","Howto & Style",2008,NA,NA,NA
"Tsuriki Show",741,"1,27,00,000","19,47,20,63,469","1,617","Entertainment",2019,"Germany",83132799,3.04
"Tu COSMOPOLIS",439,"1,66,00,000","4,87,59,00,353","6,796","People & Blogs",2014,"Mexico",126014024,3.42
"Turma da Mônica",362,"1,82,00,000","13,08,81,59,940","1,094","Film & Animation",2012,NA,NA,NA
"TV Ana Emilia",679,"1,34,00,000","4,34,48,84,807","493","People & Blogs",2014,"Mexico",126014024,3.42
"TV Shows",978,"1,10,00,000","0","0","",2012,NA,NA,NA
"TV9 Bharatvarsh",898,"1,15,00,000","7,31,46,74,032","1,93,940","People & Blogs",2018,"India",1366417754,5.36
"twenty one pilots",716,"1,29,00,000","4,62,12,24,472","173","Music",2009,"United States",328239523,14.7
"TWICE",597,"1,44,00,000","3,73,36,83,543","852","Music",2016,"nan",NA,NA
"Tyga",984,"1,10,00,000","5,21,10,71,220","160","Music",2009,NA,NA,NA
"Typical Gamer",735,"1,28,00,000","3,94,88,52,379","3,931","Gaming",2008,"Canada",36991981,5.56
"UFC - Ultimate Fighting Championship",634,"1,39,00,000","5,42,23,35,319","12,258","Sports",2006,"United States",328239523,14.7
"Ultra Bollywood",98,"3,34,00,000","15,50,82,74,562","9,078","Trailers",2009,"India",1366417754,5.36
"Ultra Movie Parlour",303,"2,00,00,000","4,93,09,20,530","1,302","Movies",2011,"India",1366417754,5.36
"Ultra Music",148,"2,86,00,000","16,20,13,84,834","4,665","Music",2006,NA,NA,NA
"Unbox Therapy",365,"1,82,00,000","4,33,25,32,776","2,053","Science & Technology",2010,"nan",NA,NA
"unknown boy varun",990,"1,10,00,000","3,26,32,85,883","193","Music",2016,"India",1366417754,5.36
"Unspeakable",609,"1,42,00,000","7,36,56,42,885","668","Gaming",2016,"United States",328239523,14.7
"UnspeakableGaming",929,"1,13,00,000","4,82,62,78,522","2,444","Gaming",2012,NA,NA,NA
"Vania Mania Kids",371,"1,81,00,000","6,90,84,11,472","825","People & Blogs",2015,"United States",328239523,14.7
"VanossGaming",185,"2,57,00,000","14,90,75,79,962","1,581","Gaming",2011,"Canada",36991981,5.56
"VEGETTA777",97,"3,34,00,000","14,94,86,82,643","7,130","Gaming",2008,"Spain",47076781,13.96
"Venus Movies",251,"2,21,00,000","6,29,37,90,011","2,456","Entertainment",2010,NA,NA,NA
"Veritasium",760,"1,26,00,000","1,79,53,58,843","336","Education",2010,"United States",328239523,14.7
"Vevo",300,"2,00,00,000","54,69,05,035","1,519","Music",2006,"United States",328239523,14.7
"VexTrex",767,"1,25,00,000","7,19,86,67,373","3,133","Entertainment",2014,"Ukraine",44385155,8.88
"VICE",477,"1,59,00,000","4,17,49,62,442","3,694","Entertainment",2005,"United States",328239523,14.7
"Viih Tube",991,"1,10,00,000","88,64,97,694","505","People & Blogs",2013,NA,NA,NA
"Vijay Television",406,"1,73,00,000","19,90,16,16,359","27,059","Entertainment",2007,"India",1366417754,5.36
"Village Cooking Channel",398,"1,76,00,000","4,47,74,36,881","211","Howto & Style",2018,"India",1366417754,5.36
"Virgínia Fonseca",977,"1,11,00,000","1,24,67,93,263","1,047","People & Blogs",2016,NA,NA,NA
"Vlad and Niki",13,"8,51,00,000","66,49,87,62,660","472","Entertainment",2018,"United States",328239523,14.7
"Vlad and Niki ARA",690,"1,32,00,000","6,28,21,00,713","404","",2019,"United States",328239523,14.7
"Vlad and Niki Arabic",317,"1,96,00,000","9,14,75,35,900","417","",2018,"United States",328239523,14.7
"Vlad and Niki ESP",700,"1,31,00,000","4,84,64,10,942","409","",2018,"United States",328239523,14.7
"Vlad and Niki IDN",402,"1,74,00,000","8,23,15,18,268","392","",2018,"United States",328239523,14.7
"Vlad và Nikita",164,"2,71,00,000","17,11,73,16,552","405","",2018,NA,NA,NA
"Você Sabia?",52,"4,33,00,000","7,28,40,75,395","1,315","Entertainment",2013,NA,NA,NA
"Vogue",844,"1,19,00,000","3,53,30,48,715","2,756","Entertainment",2008,"United States",328239523,14.7
"Volga Video",538,"1,49,00,000","9,17,15,17,368","18,735","Film & Animation",2012,"India",1366417754,5.36
"Voot Kids",68,"3,88,00,000","17,68,54,26,640","3,282","Entertainment",2016,"India",1366417754,5.36
"Vsauce",379,"1,80,00,000","2,41,59,27,927","391","Science & Technology",2007,"nan",NA,NA
"Vy Qwaint",913,"1,14,00,000","5,40,95,44,753","528","Howto & Style",2014,NA,NA,NA
"W2S",448,"1,63,00,000","4,73,96,09,055","653","Gaming",2012,"United Kingdom",66834405,3.85
"Wassabi",899,"1,15,00,000","4,59,22,38,139","1,119","Entertainment",2006,NA,NA,NA
"WatchMojo.com",200,"2,46,00,000","15,65,05,28,115","22,492","Music",2007,"Canada",36991981,5.56
"Wave Music",31,"5,34,00,000","37,23,08,76,862","18,622","Music",2014,"India",1366417754,5.36
"Wave Music Bhakti",872,"1,17,00,000","4,77,02,80,667","19,108","Music",2011,"India",1366417754,5.36
"Wave Music Bhojpuri",262,"2,15,00,000","12,14,83,85,591","21,294","Music",2014,"India",1366417754,5.36
"WB Kids",250,"2,21,00,000","9,34,07,94,746","1,722","People & Blogs",2015,"United States",328239523,14.7
"Wengie",658,"1,37,00,000","1,88,22,35,841","373","Howto & Style",2010,"United States",328239523,14.7
"Werever2morro",436,"1,67,00,000","2,71,40,71,108","972","Entertainment",2007,"Mexico",126014024,3.42
"Wesley Safadão",676,"1,34,00,000","7,30,13,07,830","371","Music",2009,NA,NA,NA
"whinderssonnunes",51,"4,39,00,000","4,12,00,78,906","521","Comedy",2013,"Brazil",212559417,12.08
"White Hill Music",256,"2,17,00,000","9,71,94,87,276","5,094","Entertainment",2014,"India",1366417754,5.36
"WiederDude",864,"1,18,00,000","2,19,03,06,341","259","",2016,"United States",328239523,14.7
"wifistudy",507,"1,54,00,000","2,80,52,32,542","46,290","Education",2014,"India",1366417754,5.36
"Wild 'N Out",902,"1,15,00,000","4,41,85,89,089","1,267","Entertainment",2006,NA,NA,NA
"Willyrex",412,"1,72,00,000","4,80,84,57,361","6,686","Gaming",2009,"Spain",47076781,13.96
"Wish 107.5",688,"1,33,00,000","5,25,92,45,361","1,552","Music",2014,"Philippines",108116615,2.15
"With Kids[위드키즈]",519,"1,51,00,000","7,99,05,15,155","863","Entertainment",2012,NA,NA,NA
"Wiz Khalifa",173,"2,64,00,000","12,52,89,40,373","598","Music",2008,"United States",328239523,14.7
"Wolfoo's stories",985,"1,10,00,000","4,22,74,79,765","942","",2016,NA,NA,NA
"Wolfoo Channel",781,"1,24,00,000","5,85,91,64,410","1,032","",2019,"Pakistan",216565318,4.45
"Wolfoo Family",804,"1,22,00,000","5,77,08,90,911","1,101","",2019,"United States",328239523,14.7
"WorkpointOfficial",78,"3,70,00,000","33,77,36,58,170","62,039","Entertainment",2012,"Thailand",69625582,0.75
"WORLDSTARHIPHOP",180,"2,59,00,000","19,42,63,57,466","6,259","Music",2008,"United States",328239523,14.7
"Worldwide Records Bhojpuri",147,"2,86,00,000","14,50,14,68,946","5,927","Music",2012,"India",1366417754,5.36
"Wow Kidz",157,"2,80,00,000","14,96,74,41,549","3,718","Film & Animation",2015,NA,NA,NA
"Wow Kidz Action",581,"1,45,00,000","6,37,84,81,319","1,445","Film & Animation",2017,"India",1366417754,5.36
"WWE",11,"9,02,00,000","70,54,47,43,313","63,077","Sports",2007,"United States",328239523,14.7
"XpressTV",583,"1,45,00,000","3,64,41,37,000","630","Entertainment",2014,"Mexico",126014024,3.42
"XXXTENTACION",74,"3,76,00,000","9,72,52,53,939","126","Music",2015,"United States",328239523,14.7
"Ya - Alisa",936,"1,13,00,000","2,12,70,59,635","332","People & Blogs",2015,NA,NA,NA
"Yair17",851,"1,19,00,000","1,24,83,84,511","962","Gaming",2014,"Mexico",126014024,3.42
"Yoeslan",924,"1,13,00,000","8,78,91,09,127","240","Entertainment",2020,"United States",328239523,14.7
"Yoga With Adriene",939,"1,13,00,000","1,18,85,47,722","649","Howto & Style",2012,NA,NA,NA
"YOLO",685,"1,34,00,000","63,83,26,662","117","Comedy",2015,"Germany",83132799,3.04
"YOLO AVENTURAS",553,"1,48,00,000","3,68,98,34,035","976","People & Blogs",2018,"Venezuela",28515829,8.8
"YoungBoy Never Broke Again",897,"1,15,00,000","11,01,58,42,469","475","Entertainment",2015,"United States",328239523,14.7
"YouTube",100,"3,33,00,000","2,72,52,86,912","540","News & Politics",1970,"United States",328239523,14.7
"YouTube Movies",2,"15,40,00,000","0","0","Film & Animation",2015,"United States",328239523,14.7
"YRF",41,"4,76,00,000","29,36,67,88,406","3,289","Film & Animation",2006,"India",1366417754,5.36
"YtCrash",907,"1,14,00,000","38,25,084","1","Education",2015,NA,NA,NA
"Yudist Ardhana",843,"1,19,00,000","3,92,56,24,169","2,126","Entertainment",2016,"Indonesia",270203917,4.69
"Yuya",197,"2,49,00,000","2,58,34,10,213","672","Howto & Style",2009,"Mexico",126014024,3.42
"Zach Choi ASMR",615,"1,42,00,000","2,51,29,37,687","638","People & Blogs",2014,"United States",328239523,14.7
"Zach King",606,"1,43,00,000","2,01,41,52,450","398","Entertainment",2013,"nan",NA,NA
"zayn",530,"1,50,00,000","4,55,96,92,349","14","Music",2016,"United States",328239523,14.7
"zbing z.",445,"1,64,00,000","8,30,79,04,773","2,763","Gaming",2014,"Thailand",69625582,0.75
"Zé Neto e Cristiano",556,"1,47,00,000","10,39,81,04,437","212","Music",2012,NA,NA,NA
"Zee Bangla",768,"1,25,00,000","5,28,30,86,890","76,545","Entertainment",2008,"India",1366417754,5.36
"Zee Music Classic",619,"1,41,00,000","5,02,11,64,640","964","Music",2014,"India",1366417754,5.36
"Zee Music Company",12,"8,67,00,000","49,06,77,11,243","6,603","Music",2014,"India",1366417754,5.36
"Zee News",169,"2,67,00,000","12,17,58,51,183","1,44,314","News & Politics",2007,"India",1366417754,5.36
"Zee Telugu",733,"1,28,00,000","6,22,41,95,587","86,735","Entertainment",2008,"India",1366417754,5.36
"Zee TV",23,"6,30,00,000","17,11,15,76,122","60,802","Entertainment",2005,"India",1366417754,5.36
"ZEE5",671,"1,34,00,000","15,77,85,44,226","69,731","Entertainment",2018,"India",1366417754,5.36
"ZHC",209,"2,43,00,000","2,22,49,16,696","298","Film & Animation",2013,"nan",NA,NA
"Zhong",580,"1,45,00,000","9,68,53,21,623","1,081","Entertainment",2015,"United States",328239523,14.7
"Zig & Sharko",664,"1,35,00,000","8,30,60,91,825","826","Film & Animation",2015,"nan",NA,NA
"Zuni and Family",463,"1,61,00,000","5,83,06,69,187","176","People & Blogs",2017,"nan",NA,NA
"Влад и Никита",961,"1,11,00,000","6,76,17,39,774","396","",2018,NA,NA,NA
"ГЛЕНТ",712,"1,30,00,000","92,62,79,238","221","People & Blogs",2019,NA,NA,NA
"Дима Масленников",601,"1,44,00,000","2,01,32,34,398","401","Entertainment",2014,NA,NA,NA
"Компот",829,"1,20,00,000","5,85,08,56,870","1,863","Gaming",2013,NA,NA,NA
"Луномосик",888,"1,16,00,000","5,05,27,85,110","460","People & Blogs",2015,NA,NA,NA
"Мастерская Настроения",625,"1,40,00,000","3,63,68,09,960","891","Entertainment",2013,NA,NA,NA
"Маша и Медведь",69,"3,87,00,000","32,83,39,07,997","1,198","Film & Animation",2011,NA,NA,NA
"Маша та Ведмідь",914,"1,14,00,000","4,94,23,06,057","994","Shows",2014,NA,NA,NA
"Мирошка ТВ",375,"1,80,00,000","4,60,37,51,673","84","Education",2018,NA,NA,NA
"НТВ",535,"1,49,00,000","4,39,098","1","People & Blogs",2008,NA,NA,NA
"Поззи",708,"1,30,00,000","6,24,42,75,339","3,000","People & Blogs",2012,NA,NA,NA
"Познаватель",396,"1,76,00,000","8,52,28,26,642","476","Entertainment",2014,NA,NA,NA
"Трум Трум",628,"1,40,00,000","6,27,20,05,457","1,987","Howto & Style",2015,NA,NA,NA
"キッズライン♡Kids Line",777,"1,24,00,000","10,74,36,01,694","5,581","People & Blogs",2011,NA,NA,NA
"せんももあいしーCh Sen, Momo, Ai & Shii",944,"1,12,00,000","7,62,50,38,147","3,216","People & Blogs",2006,NA,NA,NA
"أترو/Atro",748,"1,27,00,000","2,13,84,16,538","1,544","Gaming",2017,NA,NA,NA
"الجانب المُشرق | Bright Side Arabic",919,"1,14,00,000","1,60,51,01,022","5,063","Howto & Style",2018,NA,NA,NA
"الـريماس - Al-Remas",426,"1,69,00,000","10,55,08,88,024","2,047","Music",2013,NA,NA,NA
"حِرف إبداعية في 5 دقائق",532,"1,50,00,000","4,16,05,11,912","4,404","Howto & Style",2017,NA,NA,NA
"حقائق وأسرار",586,"1,45,00,000","2,17,59,11,149","1,312","Entertainment",2016,NA,NA,NA
"شبكة العاب العرب | Arab Games Network",421,"1,70,00,000","7,72,32,77,433","5,515","Gaming",2013,NA,NA,NA
"قناة طيور الجنة | toyoraljanahtv",154,"2,81,00,000","25,74,33,23,512","3,131","Entertainment",2008,NA,NA,NA
"ماشا و الدب",809,"1,22,00,000","6,20,13,17,137","751","Shows",2017,NA,NA,NA
"व्लाद और निकिता",181,"2,59,00,000","15,75,06,23,413","427","",2018,NA,NA,NA
"हिंदी - Genevieve's Playhouse",425,"1,69,00,000","9,19,51,78,282","96","Education",2018,NA,NA,NA
"ช่อง8 : Thai Ch8",620,"1,41,00,000","5,22,11,55,648","20,582","Entertainment",2011,NA,NA,NA
"웃웃TwinsFromRussia",911,"1,14,00,000","7,80,24,86,828","3,589","People & Blogs",2011,NA,NA,NA
"핑크퐁 (인기 동요・동화)",994,"1,09,00,000","6,66,34,50,148","2,726","Education",2014,NA,NA,NA
"办公室小野 Ms Yeah",893,"1,16,00,000","3,33,90,92,378","351","People & Blogs",2017,NA,NA,NA
"李子柒 Liziqi",419,"1,71,00,000","2,80,15,48,472","128","Howto & Style",2017,NA,NA,NA
